DateTime,cli
20091123,100.1431
20091124,100.1431
20091125,100.1431
20091127,100.1431
20091130,100.1431
20091201,100.4459
20091202,100.4459
20091203,100.4459
20091204,100.4459
20091207,100.4459
20091208,100.4459
20091209,100.4459
20091210,100.4459
20091211,100.4459
20091214,100.4459
20091215,100.4459
20091216,100.4459
20091217,100.4459
20091218,100.4459
20091221,100.4459
20091222,100.4459
20091223,100.4459
20091224,100.4459
20091228,100.4459
20091229,100.4459
20091230,100.4459
20091231,100.4459
20100104,100.6609
20100105,100.6609
20100106,100.6609
20100107,100.6609
20100108,100.6609
20100111,100.6609
20100112,100.6609
20100113,100.6609
20100114,100.6609
20100115,100.6609
20100119,100.6609
20100120,100.6609
20100121,100.6609
20100122,100.6609
20100125,100.6609
20100126,100.6609
20100127,100.6609
20100128,100.6609
20100129,100.6609
20100201,100.7874
20100202,100.7874
20100203,100.7874
20100204,100.7874
20100205,100.7874
20100208,100.7874
20100209,100.7874
20100210,100.7874
20100211,100.7874
20100212,100.7874
20100216,100.7874
20100217,100.7874
20100218,100.7874
20100219,100.7874
20100222,100.7874
20100223,100.7874
20100224,100.7874
20100225,100.7874
20100226,100.7874
20100301,100.843
20100302,100.843
20100303,100.843
20100304,100.843
20100305,100.843
20100308,100.843
20100309,100.843
20100310,100.843
20100311,100.843
20100312,100.843
20100315,100.843
20100316,100.843
20100317,100.843
20100318,100.843
20100319,100.843
20100322,100.843
20100323,100.843
20100324,100.843
20100325,100.843
20100326,100.843
20100329,100.843
20100330,100.843
20100331,100.843
20100401,100.8307
20100405,100.8307
20100406,100.8307
20100407,100.8307
20100408,100.8307
20100409,100.8307
20100412,100.8307
20100413,100.8307
20100414,100.8307
20100415,100.8307
20100416,100.8307
20100419,100.8307
20100420,100.8307
20100421,100.8307
20100422,100.8307
20100423,100.8307
20100426,100.8307
20100427,100.8307
20100428,100.8307
20100429,100.8307
20100430,100.8307
20100503,100.769
20100504,100.769
20100505,100.769
20100506,100.769
20100507,100.769
20100510,100.769
20100511,100.769
20100512,100.769
20100513,100.769
20100514,100.769
20100517,100.769
20100518,100.769
20100519,100.769
20100520,100.769
20100521,100.769
20100524,100.769
20100525,100.769
20100526,100.769
20100527,100.769
20100528,100.769
20100601,100.6932
20100602,100.6932
20100603,100.6932
20100604,100.6932
20100607,100.6932
20100608,100.6932
20100609,100.6932
20100610,100.6932
20100611,100.6932
20100614,100.6932
20100615,100.6932
20100616,100.6932
20100617,100.6932
20100618,100.6932
20100621,100.6932
20100622,100.6932
20100623,100.6932
20100624,100.6932
20100625,100.6932
20100628,100.6932
20100629,100.6932
20100630,100.6932
20100701,100.6432
20100702,100.6432
20100706,100.6432
20100707,100.6432
20100708,100.6432
20100709,100.6432
20100712,100.6432
20100713,100.6432
20100714,100.6432
20100715,100.6432
20100716,100.6432
20100719,100.6432
20100720,100.6432
20100721,100.6432
20100722,100.6432
20100723,100.6432
20100726,100.6432
20100727,100.6432
20100728,100.6432
20100729,100.6432
20100730,100.6432
20100802,100.6454
20100803,100.6454
20100804,100.6454
20100805,100.6454
20100806,100.6454
20100809,100.6454
20100810,100.6454
20100811,100.6454
20100812,100.6454
20100813,100.6454
20100816,100.6454
20100817,100.6454
20100818,100.6454
20100819,100.6454
20100820,100.6454
20100823,100.6454
20100824,100.6454
20100825,100.6454
20100826,100.6454
20100827,100.6454
20100830,100.6454
20100831,100.6454
20100901,100.7012
20100902,100.7012
20100903,100.7012
20100907,100.7012
20100908,100.7012
20100909,100.7012
20100910,100.7012
20100913,100.7012
20100914,100.7012
20100915,100.7012
20100916,100.7012
20100917,100.7012
20100920,100.7012
20100921,100.7012
20100922,100.7012
20100923,100.7012
20100924,100.7012
20100927,100.7012
20100928,100.7012
20100929,100.7012
20100930,100.7012
20101001,100.7982
20101004,100.7982
20101005,100.7982
20101006,100.7982
20101007,100.7982
20101008,100.7982
20101011,100.7982
20101012,100.7982
20101013,100.7982
20101014,100.7982
20101015,100.7982
20101018,100.7982
20101019,100.7982
20101020,100.7982
20101021,100.7982
20101022,100.7982
20101025,100.7982
20101026,100.7982
20101027,100.7982
20101028,100.7982
20101029,100.7982
20101101,100.918
20101102,100.918
20101103,100.918
20101104,100.918
20101105,100.918
20101108,100.918
20101109,100.918
20101110,100.918
20101111,100.918
20101112,100.918
20101115,100.918
20101116,100.918
20101117,100.918
20101118,100.918
20101119,100.918
20101122,100.918
20101123,100.918
20101124,100.918
20101126,100.918
20101129,100.918
20101130,100.918
20101201,101.0322
20101202,101.0322
20101203,101.0322
20101206,101.0322
20101207,101.0322
20101208,101.0322
20101209,101.0322
20101210,101.0322
20101213,101.0322
20101214,101.0322
20101215,101.0322
20101216,101.0322
20101217,101.0322
20101220,101.0322
20101221,101.0322
20101222,101.0322
20101223,101.0322
20101227,101.0322
20101228,101.0322
20101229,101.0322
20101230,101.0322
20101231,101.0322
20110103,101.1171
20110104,101.1171
20110105,101.1171
20110106,101.1171
20110107,101.1171
20110110,101.1171
20110111,101.1171
20110112,101.1171
20110113,101.1171
20110114,101.1171
20110118,101.1171
20110119,101.1171
20110120,101.1171
20110121,101.1171
20110124,101.1171
20110125,101.1171
20110126,101.1171
20110127,101.1171
20110128,101.1171
20110131,101.1171
20110201,101.1465
20110202,101.1465
20110203,101.1465
20110204,101.1465
20110207,101.1465
20110208,101.1465
20110209,101.1465
20110210,101.1465
20110211,101.1465
20110214,101.1465
20110215,101.1465
20110216,101.1465
20110217,101.1465
20110218,101.1465
20110222,101.1465
20110223,101.1465
20110224,101.1465
20110225,101.1465
20110228,101.1465
20110301,101.1094
20110302,101.1094
20110303,101.1094
20110304,101.1094
20110307,101.1094
20110308,101.1094
20110309,101.1094
20110310,101.1094
20110311,101.1094
20110314,101.1094
20110315,101.1094
20110316,101.1094
20110317,101.1094
20110318,101.1094
20110321,101.1094
20110322,101.1094
20110323,101.1094
20110324,101.1094
20110325,101.1094
20110328,101.1094
20110329,101.1094
20110330,101.1094
20110331,101.1094
20110401,101.0064
20110404,101.0064
20110405,101.0064
20110406,101.0064
20110407,101.0064
20110408,101.0064
20110411,101.0064
20110412,101.0064
20110413,101.0064
20110414,101.0064
20110415,101.0064
20110418,101.0064
20110419,101.0064
20110420,101.0064
20110421,101.0064
20110425,101.0064
20110426,101.0064
20110427,101.0064
20110428,101.0064
20110429,101.0064
20110502,100.8456
20110503,100.8456
20110504,100.8456
20110505,100.8456
20110506,100.8456
20110509,100.8456
20110510,100.8456
20110511,100.8456
20110512,100.8456
20110513,100.8456
20110516,100.8456
20110517,100.8456
20110518,100.8456
20110519,100.8456
20110520,100.8456
20110523,100.8456
20110524,100.8456
20110525,100.8456
20110526,100.8456
20110527,100.8456
20110531,100.8456
20110601,100.6411
20110602,100.6411
20110603,100.6411
20110606,100.6411
20110607,100.6411
20110608,100.6411
20110609,100.6411
20110610,100.6411
20110613,100.6411
20110614,100.6411
20110615,100.6411
20110616,100.6411
20110617,100.6411
20110620,100.6411
20110621,100.6411
20110622,100.6411
20110623,100.6411
20110624,100.6411
20110627,100.6411
20110628,100.6411
20110629,100.6411
20110630,100.6411
20110701,100.414
20110705,100.414
20110706,100.414
20110707,100.414
20110708,100.414
20110711,100.414
20110712,100.414
20110713,100.414
20110714,100.414
20110715,100.414
20110718,100.414
20110719,100.414
20110720,100.414
20110721,100.414
20110722,100.414
20110725,100.414
20110726,100.414
20110727,100.414
20110728,100.414
20110729,100.414
20110801,100.1905
20110802,100.1905
20110803,100.1905
20110804,100.1905
20110805,100.1905
20110808,100.1905
20110809,100.1905
20110810,100.1905
20110811,100.1905
20110812,100.1905
20110815,100.1905
20110816,100.1905
20110817,100.1905
20110818,100.1905
20110819,100.1905
20110822,100.1905
20110823,100.1905
20110824,100.1905
20110825,100.1905
20110826,100.1905
20110829,100.1905
20110830,100.1905
20110831,100.1905
20110901,100.007
20110902,100.007
20110906,100.007
20110907,100.007
20110908,100.007
20110909,100.007
20110912,100.007
20110913,100.007
20110914,100.007
20110915,100.007
20110916,100.007
20110919,100.007
20110920,100.007
20110921,100.007
20110922,100.007
20110923,100.007
20110926,100.007
20110927,100.007
20110928,100.007
20110929,100.007
20110930,100.007
20111003,99.88702
20111004,99.88702
20111005,99.88702
20111006,99.88702
20111007,99.88702
20111010,99.88702
20111011,99.88702
20111012,99.88702
20111013,99.88702
20111014,99.88702
20111017,99.88702
20111018,99.88702
20111019,99.88702
20111020,99.88702
20111021,99.88702
20111024,99.88702
20111025,99.88702
20111026,99.88702
20111027,99.88702
20111028,99.88702
20111031,99.88702
20111101,99.83182
20111102,99.83182
20111103,99.83182
20111104,99.83182
20111107,99.83182
20111108,99.83182
20111109,99.83182
20111110,99.83182
20111111,99.83182
20111114,99.83182
20111115,99.83182
20111116,99.83182
20111117,99.83182
20111118,99.83182
20111121,99.83182
20111122,99.83182
20111123,99.83182
20111125,99.83182
20111128,99.83182
20111129,99.83182
20111130,99.83182
20111201,99.82653
20111202,99.82653
20111205,99.82653
20111206,99.82653
20111207,99.82653
20111208,99.82653
20111209,99.82653
20111212,99.82653
20111213,99.82653
20111214,99.82653
20111215,99.82653
20111216,99.82653
20111219,99.82653
20111220,99.82653
20111221,99.82653
20111222,99.82653
20111223,99.82653
20111227,99.82653
20111228,99.82653
20111229,99.82653
20111230,99.82653
20120103,99.84612
20120104,99.84612
20120105,99.84612
20120106,99.84612
20120109,99.84612
20120110,99.84612
20120111,99.84612
20120112,99.84612
20120113,99.84612
20120117,99.84612
20120118,99.84612
20120119,99.84612
20120120,99.84612
20120123,99.84612
20120124,99.84612
20120125,99.84612
20120126,99.84612
20120127,99.84612
20120130,99.84612
20120131,99.84612
20120201,99.85834
20120202,99.85834
20120203,99.85834
20120206,99.85834
20120207,99.85834
20120208,99.85834
20120209,99.85834
20120210,99.85834
20120213,99.85834
20120214,99.85834
20120215,99.85834
20120216,99.85834
20120217,99.85834
20120221,99.85834
20120222,99.85834
20120223,99.85834
20120224,99.85834
20120227,99.85834
20120228,99.85834
20120229,99.85834
20120301,99.84346
20120302,99.84346
20120305,99.84346
20120306,99.84346
20120307,99.84346
20120308,99.84346
20120309,99.84346
20120312,99.84346
20120313,99.84346
20120314,99.84346
20120315,99.84346
20120316,99.84346
20120319,99.84346
20120320,99.84346
20120321,99.84346
20120322,99.84346
20120323,99.84346
20120326,99.84346
20120327,99.84346
20120328,99.84346
20120329,99.84346
20120330,99.84346
20120402,99.79591
20120403,99.79591
20120404,99.79591
20120405,99.79591
20120409,99.79591
20120410,99.79591
20120411,99.79591
20120412,99.79591
20120413,99.79591
20120416,99.79591
20120417,99.79591
20120418,99.79591
20120419,99.79591
20120420,99.79591
20120423,99.79591
20120424,99.79591
20120425,99.79591
20120426,99.79591
20120427,99.79591
20120430,99.79591
20120501,99.72697
20120502,99.72697
20120503,99.72697
20120504,99.72697
20120507,99.72697
20120508,99.72697
20120509,99.72697
20120510,99.72697
20120511,99.72697
20120514,99.72697
20120515,99.72697
20120516,99.72697
20120517,99.72697
20120518,99.72697
20120521,99.72697
20120522,99.72697
20120523,99.72697
20120524,99.72697
20120525,99.72697
20120529,99.72697
20120530,99.72697
20120531,99.72697
20120601,99.65368
20120604,99.65368
20120605,99.65368
20120606,99.65368
20120607,99.65368
20120608,99.65368
20120611,99.65368
20120612,99.65368
20120613,99.65368
20120614,99.65368
20120615,99.65368
20120618,99.65368
20120619,99.65368
20120620,99.65368
20120621,99.65368
20120622,99.65368
20120625,99.65368
20120626,99.65368
20120627,99.65368
20120628,99.65368
20120629,99.65368
20120702,99.59763
20120703,99.59763
20120705,99.59763
20120706,99.59763
20120709,99.59763
20120710,99.59763
20120711,99.59763
20120712,99.59763
20120713,99.59763
20120716,99.59763
20120717,99.59763
20120718,99.59763
20120719,99.59763
20120720,99.59763
20120723,99.59763
20120724,99.59763
20120725,99.59763
20120726,99.59763
20120727,99.59763
20120730,99.59763
20120731,99.59763
20120801,99.57195
20120802,99.57195
20120803,99.57195
20120806,99.57195
20120807,99.57195
20120808,99.57195
20120809,99.57195
20120810,99.57195
20120813,99.57195
20120814,99.57195
20120815,99.57195
20120816,99.57195
20120817,99.57195
20120820,99.57195
20120821,99.57195
20120822,99.57195
20120823,99.57195
20120824,99.57195
20120827,99.57195
20120828,99.57195
20120829,99.57195
20120830,99.57195
20120831,99.57195
20120904,99.58434
20120905,99.58434
20120906,99.58434
20120907,99.58434
20120910,99.58434
20120911,99.58434
20120912,99.58434
20120913,99.58434
20120914,99.58434
20120917,99.58434
20120918,99.58434
20120919,99.58434
20120920,99.58434
20120921,99.58434
20120924,99.58434
20120925,99.58434
20120926,99.58434
20120927,99.58434
20120928,99.58434
20121001,99.63148
20121002,99.63148
20121003,99.63148
20121004,99.63148
20121005,99.63148
20121008,99.63148
20121009,99.63148
20121010,99.63148
20121011,99.63148
20121012,99.63148
20121015,99.63148
20121016,99.63148
20121017,99.63148
20121018,99.63148
20121019,99.63148
20121022,99.63148
20121023,99.63148
20121024,99.63148
20121025,99.63148
20121026,99.63148
20121031,99.63148
20121101,99.70727
20121102,99.70727
20121105,99.70727
20121106,99.70727
20121107,99.70727
20121108,99.70727
20121109,99.70727
20121112,99.70727
20121113,99.70727
20121114,99.70727
20121115,99.70727
20121116,99.70727
20121119,99.70727
20121120,99.70727
20121121,99.70727
20121123,99.70727
20121126,99.70727
20121127,99.70727
20121128,99.70727
20121129,99.70727
20121130,99.70727
20121203,99.80627
20121204,99.80627
20121205,99.80627
20121206,99.80627
20121207,99.80627
20121210,99.80627
20121211,99.80627
20121212,99.80627
20121213,99.80627
20121214,99.80627
20121217,99.80627
20121218,99.80627
20121219,99.80627
20121220,99.80627
20121221,99.80627
20121224,99.80627
20121226,99.80627
20121227,99.80627
20121228,99.80627
20121231,99.80627
20130102,99.91528
20130103,99.91528
20130104,99.91528
20130107,99.91528
20130108,99.91528
20130109,99.91528
20130110,99.91528
20130111,99.91528
20130114,99.91528
20130115,99.91528
20130116,99.91528
20130117,99.91528
20130118,99.91528
20130122,99.91528
20130123,99.91528
20130124,99.91528
20130125,99.91528
20130128,99.91528
20130129,99.91528
20130130,99.91528
20130131,99.91528
20130201,100.019
20130204,100.019
20130205,100.019
20130206,100.019
20130207,100.019
20130208,100.019
20130211,100.019
20130212,100.019
20130213,100.019
20130214,100.019
20130215,100.019
20130219,100.019
20130220,100.019
20130221,100.019
20130222,100.019
20130225,100.019
20130226,100.019
20130227,100.019
20130228,100.019
20130301,100.1001
20130304,100.1001
20130305,100.1001
20130306,100.1001
20130307,100.1001
20130308,100.1001
20130311,100.1001
20130312,100.1001
20130313,100.1001
20130314,100.1001
20130315,100.1001
20130318,100.1001
20130319,100.1001
20130320,100.1001
20130321,100.1001
20130322,100.1001
20130325,100.1001
20130326,100.1001
20130327,100.1001
20130328,100.1001
20130401,100.1585
20130402,100.1585
20130403,100.1585
20130404,100.1585
20130405,100.1585
20130408,100.1585
20130409,100.1585
20130410,100.1585
20130411,100.1585
20130412,100.1585
20130415,100.1585
20130416,100.1585
20130417,100.1585
20130418,100.1585
20130419,100.1585
20130422,100.1585
20130423,100.1585
20130424,100.1585
20130425,100.1585
20130426,100.1585
20130429,100.1585
20130430,100.1585
20130501,100.2015
20130502,100.2015
20130503,100.2015
20130506,100.2015
20130507,100.2015
20130508,100.2015
20130509,100.2015
20130510,100.2015
20130513,100.2015
20130514,100.2015
20130515,100.2015
20130516,100.2015
20130517,100.2015
20130520,100.2015
20130521,100.2015
20130522,100.2015
20130523,100.2015
20130524,100.2015
20130528,100.2015
20130529,100.2015
20130530,100.2015
20130531,100.2015
20130603,100.2331
20130604,100.2331
20130605,100.2331
20130606,100.2331
20130607,100.2331
20130610,100.2331
20130611,100.2331
20130612,100.2331
20130613,100.2331
20130614,100.2331
20130617,100.2331
20130618,100.2331
20130619,100.2331
20130620,100.2331
20130621,100.2331
20130624,100.2331
20130625,100.2331
20130626,100.2331
20130627,100.2331
20130628,100.2331
20130701,100.2577
20130702,100.2577
20130703,100.2577
20130705,100.2577
20130708,100.2577
20130709,100.2577
20130710,100.2577
20130711,100.2577
20130712,100.2577
20130715,100.2577
20130716,100.2577
20130717,100.2577
20130718,100.2577
20130719,100.2577
20130722,100.2577
20130723,100.2577
20130724,100.2577
20130725,100.2577
20130726,100.2577
20130729,100.2577
20130730,100.2577
20130731,100.2577
20130801,100.282
20130802,100.282
20130805,100.282
20130806,100.282
20130807,100.282
20130808,100.282
20130809,100.282
20130812,100.282
20130813,100.282
20130814,100.282
20130815,100.282
20130816,100.282
20130819,100.282
20130820,100.282
20130821,100.282
20130822,100.282
20130823,100.282
20130826,100.282
20130827,100.282
20130828,100.282
20130829,100.282
20130830,100.282
20130903,100.303
20130904,100.303
20130905,100.303
20130906,100.303
20130909,100.303
20130910,100.303
20130911,100.303
20130912,100.303
20130913,100.303
20130916,100.303
20130917,100.303
20130918,100.303
20130919,100.303
20130920,100.303
20130923,100.303
20130924,100.303
20130925,100.303
20130926,100.303
20130927,100.303
20130930,100.303
20131001,100.314
20131002,100.314
20131003,100.314
20131004,100.314
20131007,100.314
20131008,100.314
20131009,100.314
20131010,100.314
20131011,100.314
20131014,100.314
20131015,100.314
20131016,100.314
20131017,100.314
20131018,100.314
20131021,100.314
20131022,100.314
20131023,100.314
20131024,100.314
20131025,100.314
20131028,100.314
20131029,100.314
20131030,100.314
20131031,100.314
20131101,100.3128
20131104,100.3128
20131105,100.3128
20131106,100.3128
20131107,100.3128
20131108,100.3128
20131111,100.3128
20131112,100.3128
20131113,100.3128
20131114,100.3128
20131115,100.3128
20131118,100.3128
20131119,100.3128
20131120,100.3128
20131121,100.3128
20131122,100.3128
20131125,100.3128
20131126,100.3128
20131127,100.3128
20131129,100.3128
20131202,100.2964
20131203,100.2964
20131204,100.2964
20131205,100.2964
20131206,100.2964
20131209,100.2964
20131210,100.2964
20131211,100.2964
20131212,100.2964
20131213,100.2964
20131216,100.2964
20131217,100.2964
20131218,100.2964
20131219,100.2964
20131220,100.2964
20131223,100.2964
20131224,100.2964
20131226,100.2964
20131227,100.2964
20131230,100.2964
20131231,100.2964
20140102,100.2705
20140103,100.2705
20140106,100.2705
20140107,100.2705
20140108,100.2705
20140109,100.2705
20140110,100.2705
20140113,100.2705
20140114,100.2705
20140115,100.2705
20140116,100.2705
20140117,100.2705
20140121,100.2705
20140122,100.2705
20140123,100.2705
20140124,100.2705
20140127,100.2705
20140128,100.2705
20140129,100.2705
20140130,100.2705
20140131,100.2705
20140203,100.2504
20140204,100.2504
20140205,100.2504
20140206,100.2504
20140207,100.2504
20140210,100.2504
20140211,100.2504
20140212,100.2504
20140213,100.2504
20140214,100.2504
20140218,100.2504
20140219,100.2504
20140220,100.2504
20140221,100.2504
20140224,100.2504
20140225,100.2504
20140226,100.2504
20140227,100.2504
20140228,100.2504
20140303,100.2404
20140304,100.2404
20140305,100.2404
20140306,100.2404
20140307,100.2404
20140310,100.2404
20140311,100.2404
20140312,100.2404
20140313,100.2404
20140314,100.2404
20140317,100.2404
20140318,100.2404
20140319,100.2404
20140320,100.2404
20140321,100.2404
20140324,100.2404
20140325,100.2404
20140326,100.2404
20140327,100.2404
20140328,100.2404
20140331,100.2404
20140401,100.2293
20140402,100.2293
20140403,100.2293
20140404,100.2293
20140407,100.2293
20140408,100.2293
20140409,100.2293
20140410,100.2293
20140411,100.2293
20140414,100.2293
20140415,100.2293
20140416,100.2293
20140417,100.2293
20140421,100.2293
20140422,100.2293
20140423,100.2293
20140424,100.2293
20140425,100.2293
20140428,100.2293
20140429,100.2293
20140430,100.2293
20140501,100.2133
20140502,100.2133
20140505,100.2133
20140506,100.2133
20140507,100.2133
20140508,100.2133
20140509,100.2133
20140512,100.2133
20140513,100.2133
20140514,100.2133
20140515,100.2133
20140516,100.2133
20140519,100.2133
20140520,100.2133
20140521,100.2133
20140522,100.2133
20140523,100.2133
20140527,100.2133
20140528,100.2133
20140529,100.2133
20140530,100.2133
20140602,100.194
20140603,100.194
20140604,100.194
20140605,100.194
20140606,100.194
20140609,100.194
20140610,100.194
20140611,100.194
20140612,100.194
20140613,100.194
20140616,100.194
20140617,100.194
20140618,100.194
20140619,100.194
20140620,100.194
20140623,100.194
20140624,100.194
20140625,100.194
20140626,100.194
20140627,100.194
20140630,100.194
20140701,100.1762
20140702,100.1762
20140703,100.1762
20140707,100.1762
20140708,100.1762
20140709,100.1762
20140710,100.1762
20140711,100.1762
20140714,100.1762
20140715,100.1762
20140716,100.1762
20140717,100.1762
20140718,100.1762
20140721,100.1762
20140722,100.1762
20140723,100.1762
20140724,100.1762
20140725,100.1762
20140728,100.1762
20140729,100.1762
20140730,100.1762
20140731,100.1762
20140801,100.1637
20140804,100.1637
20140805,100.1637
20140806,100.1637
20140807,100.1637
20140808,100.1637
20140811,100.1637
20140812,100.1637
20140813,100.1637
20140814,100.1637
20140815,100.1637
20140818,100.1637
20140819,100.1637
20140820,100.1637
20140821,100.1637
20140822,100.1637
20140825,100.1637
20140826,100.1637
20140827,100.1637
20140828,100.1637
20140829,100.1637
20140902,100.1586
20140903,100.1586
20140904,100.1586
20140905,100.1586
20140908,100.1586
20140909,100.1586
20140910,100.1586
20140911,100.1586
20140912,100.1586
20140915,100.1586
20140916,100.1586
20140917,100.1586
20140918,100.1586
20140919,100.1586
20140922,100.1586
20140923,100.1586
20140924,100.1586
20140925,100.1586
20140926,100.1586
20140929,100.1586
20140930,100.1586
20141001,100.1581
20141002,100.1581
20141003,100.1581
20141006,100.1581
20141007,100.1581
20141008,100.1581
20141009,100.1581
20141010,100.1581
20141013,100.1581
20141014,100.1581
20141015,100.1581
20141016,100.1581
20141017,100.1581
20141020,100.1581
20141021,100.1581
20141022,100.1581
20141023,100.1581
20141024,100.1581
20141027,100.1581
20141028,100.1581
20141029,100.1581
20141030,100.1581
20141031,100.1581
20141103,100.1619
20141104,100.1619
20141105,100.1619
20141106,100.1619
20141107,100.1619
20141110,100.1619
20141111,100.1619
20141112,100.1619
20141113,100.1619
20141114,100.1619
20141117,100.1619
20141118,100.1619
20141119,100.1619
20141120,100.1619
20141121,100.1619
20141124,100.1619
20141125,100.1619
20141126,100.1619
20141128,100.1619
20141201,100.1702
20141202,100.1702
20141203,100.1702
20141204,100.1702
20141205,100.1702
20141208,100.1702
20141209,100.1702
20141210,100.1702
20141211,100.1702
20141212,100.1702
20141215,100.1702
20141216,100.1702
20141217,100.1702
20141218,100.1702
20141219,100.1702
20141222,100.1702
20141223,100.1702
20141224,100.1702
20141226,100.1702
20141229,100.1702
20141230,100.1702
20141231,100.1702
20150102,100.1811
20150105,100.1811
20150106,100.1811
20150107,100.1811
20150108,100.1811
20150109,100.1811
20150112,100.1811
20150113,100.1811
20150114,100.1811
20150115,100.1811
20150116,100.1811
20150120,100.1811
20150121,100.1811
20150122,100.1811
20150123,100.1811
20150126,100.1811
20150127,100.1811
20150128,100.1811
20150129,100.1811
20150130,100.1811
20150202,100.191
20150203,100.191
20150204,100.191
20150205,100.191
20150206,100.191
20150209,100.191
20150210,100.191
20150211,100.191
20150212,100.191
20150213,100.191
20150217,100.191
20150218,100.191
20150219,100.191
20150220,100.191
20150223,100.191
20150224,100.191
20150225,100.191
20150226,100.191
20150227,100.191
20150302,100.1937
20150303,100.1937
20150304,100.1937
20150305,100.1937
20150306,100.1937
20150309,100.1937
20150310,100.1937
20150311,100.1937
20150312,100.1937
20150313,100.1937
20150316,100.1937
20150317,100.1937
20150318,100.1937
20150319,100.1937
20150320,100.1937
20150323,100.1937
20150324,100.1937
20150325,100.1937
20150326,100.1937
20150327,100.1937
20150330,100.1937
20150331,100.1937
20150401,100.1784
20150402,100.1784
20150406,100.1784
20150407,100.1784
20150408,100.1784
20150409,100.1784
20150410,100.1784
20150413,100.1784
20150414,100.1784
20150415,100.1784
20150416,100.1784
20150417,100.1784
20150420,100.1784
20150421,100.1784
20150422,100.1784
20150423,100.1784
20150424,100.1784
20150427,100.1784
20150428,100.1784
20150429,100.1784
20150430,100.1784
20150501,100.1326
20150504,100.1326
20150505,100.1326
20150506,100.1326
20150507,100.1326
20150508,100.1326
20150511,100.1326
20150512,100.1326
20150513,100.1326
20150514,100.1326
20150515,100.1326
20150518,100.1326
20150519,100.1326
20150520,100.1326
20150521,100.1326
20150522,100.1326
20150526,100.1326
20150527,100.1326
20150528,100.1326
20150529,100.1326
20150601,100.051
20150602,100.051
20150603,100.051
20150604,100.051
20150605,100.051
20150608,100.051
20150609,100.051
20150610,100.051
20150611,100.051
20150612,100.051
20150615,100.051
20150616,100.051
20150617,100.051
20150618,100.051
20150619,100.051
20150622,100.051
20150623,100.051
20150624,100.051
20150625,100.051
20150626,100.051
20150629,100.051
20150630,100.051
20150701,99.9414
20150702,99.9414
20150706,99.9414
20150707,99.9414
20150708,99.9414
20150709,99.9414
20150710,99.9414
20150713,99.9414
20150714,99.9414
20150715,99.9414
20150716,99.9414
20150717,99.9414
20150720,99.9414
20150721,99.9414
20150722,99.9414
20150723,99.9414
20150724,99.9414
20150727,99.9414
20150728,99.9414
20150729,99.9414
20150730,99.9414
20150731,99.9414
20150803,99.82449
20150804,99.82449
20150805,99.82449
20150806,99.82449
20150807,99.82449
20150810,99.82449
20150811,99.82449
20150812,99.82449
20150813,99.82449
20150814,99.82449
20150817,99.82449
20150818,99.82449
20150819,99.82449
20150820,99.82449
20150821,99.82449
20150824,99.82449
20150825,99.82449
20150826,99.82449
20150827,99.82449
20150828,99.82449
20150831,99.82449
20150901,99.7188
20150902,99.7188
20150903,99.7188
20150904,99.7188
20150908,99.7188
20150909,99.7188
20150910,99.7188
20150911,99.7188
20150914,99.7188
20150915,99.7188
20150916,99.7188
20150917,99.7188
20150918,99.7188
20150921,99.7188
20150922,99.7188
20150923,99.7188
20150924,99.7188
20150925,99.7188
20150928,99.7188
20150929,99.7188
20150930,99.7188
20151001,99.63307
20151002,99.63307
20151005,99.63307
20151006,99.63307
20151007,99.63307
20151008,99.63307
20151009,99.63307
20151012,99.63307
20151013,99.63307
20151014,99.63307
20151015,99.63307
20151016,99.63307
20151019,99.63307
20151020,99.63307
20151021,99.63307
20151022,99.63307
20151023,99.63307
20151026,99.63307
20151027,99.63307
20151028,99.63307
20151029,99.63307
20151030,99.63307
20151102,99.55815
20151103,99.55815
20151104,99.55815
20151105,99.55815
20151106,99.55815
20151109,99.55815
20151110,99.55815
20151111,99.55815
20151112,99.55815
20151113,99.55815
20151116,99.55815
20151117,99.55815
20151118,99.55815
20151119,99.55815
20151120,99.55815
20151123,99.55815
20151124,99.55815
20151125,99.55815
20151127,99.55815
20151130,99.55815
20151201,99.4883
20151202,99.4883
20151203,99.4883
20151204,99.4883
20151207,99.4883
20151208,99.4883
20151209,99.4883
20151210,99.4883
20151211,99.4883
20151214,99.4883
20151215,99.4883
20151216,99.4883
20151217,99.4883
20151218,99.4883
20151221,99.4883
20151222,99.4883
20151223,99.4883
20151224,99.4883
20151228,99.4883
20151229,99.4883
20151230,99.4883
20151231,99.4883
20160104,99.42832
20160105,99.42832
20160106,99.42832
20160107,99.42832
20160108,99.42832
20160111,99.42832
20160112,99.42832
20160113,99.42832
20160114,99.42832
20160115,99.42832
20160119,99.42832
20160120,99.42832
20160121,99.42832
20160122,99.42832
20160125,99.42832
20160126,99.42832
20160127,99.42832
20160128,99.42832
20160129,99.42832
20160201,99.38623
20160202,99.38623
20160203,99.38623
20160204,99.38623
20160205,99.38623
20160208,99.38623
20160209,99.38623
20160210,99.38623
20160211,99.38623
20160212,99.38623
20160216,99.38623
20160217,99.38623
20160218,99.38623
20160219,99.38623
20160222,99.38623
20160223,99.38623
20160224,99.38623
20160225,99.38623
20160226,99.38623
20160229,99.38623
20160301,99.37156
20160302,99.37156
20160303,99.37156
20160304,99.37156
20160307,99.37156
20160308,99.37156
20160309,99.37156
20160310,99.37156
20160311,99.37156
20160314,99.37156
20160315,99.37156
20160316,99.37156
20160317,99.37156
20160318,99.37156
20160321,99.37156
20160322,99.37156
20160323,99.37156
20160324,99.37156
20160328,99.37156
20160329,99.37156
20160330,99.37156
20160331,99.37156
20160401,99.37861
20160404,99.37861
20160405,99.37861
20160406,99.37861
20160407,99.37861
20160408,99.37861
20160411,99.37861
20160412,99.37861
20160413,99.37861
20160414,99.37861
20160415,99.37861
20160418,99.37861
20160419,99.37861
20160420,99.37861
20160421,99.37861
20160422,99.37861
20160425,99.37861
20160426,99.37861
20160427,99.37861
20160428,99.37861
20160429,99.37861
20160502,99.39931
20160503,99.39931
20160504,99.39931
20160505,99.39931
20160506,99.39931
20160509,99.39931
20160510,99.39931
20160511,99.39931
20160512,99.39931
20160513,99.39931
20160516,99.39931
20160517,99.39931
20160518,99.39931
20160519,99.39931
20160520,99.39931
20160523,99.39931
20160524,99.39931
20160525,99.39931
20160526,99.39931
20160527,99.39931
20160531,99.39931
20160601,99.43327
20160602,99.43327
20160603,99.43327
20160606,99.43327
20160607,99.43327
20160608,99.43327
20160609,99.43327
20160610,99.43327
20160613,99.43327
20160614,99.43327
20160615,99.43327
20160616,99.43327
20160617,99.43327
20160620,99.43327
20160621,99.43327
20160622,99.43327
20160623,99.43327
20160624,99.43327
20160627,99.43327
20160628,99.43327
20160629,99.43327
20160630,99.43327
20160701,99.48661
20160705,99.48661
20160706,99.48661
20160707,99.48661
20160708,99.48661
20160711,99.48661
20160712,99.48661
20160713,99.48661
20160714,99.48661
20160715,99.48661
20160718,99.48661
20160719,99.48661
20160720,99.48661
20160721,99.48661
20160722,99.48661
20160725,99.48661
20160726,99.48661
20160727,99.48661
20160728,99.48661
20160729,99.48661
20160801,99.56023
20160802,99.56023
20160803,99.56023
20160804,99.56023
20160805,99.56023
20160808,99.56023
20160809,99.56023
20160810,99.56023
20160811,99.56023
20160812,99.56023
20160815,99.56023
20160816,99.56023
20160817,99.56023
20160818,99.56023
20160819,99.56023
20160822,99.56023
20160823,99.56023
20160824,99.56023
20160825,99.56023
20160826,99.56023
20160829,99.56023
20160830,99.56023
20160831,99.56023
20160901,99.65515
20160902,99.65515
20160906,99.65515
20160907,99.65515
20160908,99.65515
20160909,99.65515
20160912,99.65515
20160913,99.65515
20160914,99.65515
20160915,99.65515
20160916,99.65515
20160919,99.65515
20160920,99.65515
20160921,99.65515
20160922,99.65515
20160923,99.65515
20160926,99.65515
20160927,99.65515
20160928,99.65515
20160929,99.65515
20160930,99.65515
20161003,99.76431
20161004,99.76431
20161005,99.76431
20161006,99.76431
20161007,99.76431
20161010,99.76431
20161011,99.76431
20161012,99.76431
20161013,99.76431
20161014,99.76431
20161017,99.76431
20161018,99.76431
20161019,99.76431
20161020,99.76431
20161021,99.76431
20161024,99.76431
20161025,99.76431
20161026,99.76431
20161027,99.76431
20161028,99.76431
20161031,99.76431
20161101,99.87781
20161102,99.87781
20161103,99.87781
20161104,99.87781
20161107,99.87781
20161108,99.87781
20161109,99.87781
20161110,99.87781
20161111,99.87781
20161114,99.87781
20161115,99.87781
20161116,99.87781
20161117,99.87781
20161118,99.87781
20161121,99.87781
20161122,99.87781
20161123,99.87781
20161125,99.87781
20161128,99.87781
20161129,99.87781
20161130,99.87781
20161201,99.99043
20161202,99.99043
20161205,99.99043
20161206,99.99043
20161207,99.99043
20161208,99.99043
20161209,99.99043
20161212,99.99043
20161213,99.99043
20161214,99.99043
20161215,99.99043
20161216,99.99043
20161219,99.99043
20161220,99.99043
20161221,99.99043
20161222,99.99043
20161223,99.99043
20161227,99.99043
20161228,99.99043
20161229,99.99043
20161230,99.99043
20170103,100.096
20170104,100.096
20170105,100.096
20170106,100.096
20170109,100.096
20170110,100.096
20170111,100.096
20170112,100.096
20170113,100.096
20170117,100.096
20170118,100.096
20170119,100.096
20170120,100.096
20170123,100.096
20170124,100.096
20170125,100.096
20170126,100.096
20170127,100.096
20170130,100.096
20170131,100.096
20170201,100.1933
20170202,100.1933
20170203,100.1933
20170206,100.1933
20170207,100.1933
20170208,100.1933
20170209,100.1933
20170210,100.1933
20170213,100.1933
20170214,100.1933
20170215,100.1933
20170216,100.1933
20170217,100.1933
20170221,100.1933
20170222,100.1933
20170223,100.1933
20170224,100.1933
20170227,100.1933
20170228,100.1933
20170301,100.283
20170302,100.283
20170303,100.283
20170306,100.283
20170307,100.283
20170308,100.283
20170309,100.283
20170310,100.283
20170313,100.283
20170314,100.283
20170315,100.283
20170316,100.283
20170317,100.283
20170320,100.283
20170321,100.283
20170322,100.283
20170323,100.283
20170324,100.283
20170327,100.283
20170328,100.283
20170329,100.283
20170330,100.283
20170331,100.283
20170403,100.3671
20170404,100.3671
20170405,100.3671
20170406,100.3671
20170407,100.3671
20170410,100.3671
20170411,100.3671
20170412,100.3671
20170413,100.3671
20170417,100.3671
20170418,100.3671
20170419,100.3671
20170420,100.3671
20170421,100.3671
20170424,100.3671
20170425,100.3671
20170426,100.3671
20170427,100.3671
20170428,100.3671
20170501,100.448
20170502,100.448
20170503,100.448
20170504,100.448
20170505,100.448
20170508,100.448
20170509,100.448
20170510,100.448
20170511,100.448
20170512,100.448
20170515,100.448
20170516,100.448
20170517,100.448
20170518,100.448
20170519,100.448
20170522,100.448
20170523,100.448
20170524,100.448
20170525,100.448
20170526,100.448
20170530,100.448
20170531,100.448
20170601,100.5305
20170602,100.5305
20170605,100.5305
20170606,100.5305
20170607,100.5305
20170608,100.5305
20170609,100.5305
20170612,100.5305
20170613,100.5305
20170614,100.5305
20170615,100.5305
20170616,100.5305
20170619,100.5305
20170620,100.5305
20170621,100.5305
20170622,100.5305
20170623,100.5305
20170626,100.5305
20170627,100.5305
20170628,100.5305
20170629,100.5305
20170630,100.5305
20170703,100.6127
20170705,100.6127
20170706,100.6127
20170707,100.6127
20170710,100.6127
20170711,100.6127
20170712,100.6127
20170713,100.6127
20170714,100.6127
20170717,100.6127
20170718,100.6127
20170719,100.6127
20170720,100.6127
20170721,100.6127
20170724,100.6127
20170725,100.6127
20170726,100.6127
20170727,100.6127
20170728,100.6127
20170731,100.6127
20170801,100.6917
20170802,100.6917
20170803,100.6917
20170804,100.6917
20170807,100.6917
20170808,100.6917
20170809,100.6917
20170810,100.6917
20170811,100.6917
20170814,100.6917
20170815,100.6917
20170816,100.6917
20170817,100.6917
20170818,100.6917
20170821,100.6917
20170822,100.6917
20170823,100.6917
20170824,100.6917
20170825,100.6917
20170828,100.6917
20170829,100.6917
20170830,100.6917
20170831,100.6917
20170901,100.7574
20170905,100.7574
20170906,100.7574
20170907,100.7574
20170908,100.7574
20170911,100.7574
20170912,100.7574
20170913,100.7574
20170914,100.7574
20170915,100.7574
20170918,100.7574
20170919,100.7574
20170920,100.7574
20170921,100.7574
20170922,100.7574
20170925,100.7574
20170926,100.7574
20170927,100.7574
20170928,100.7574
20170929,100.7574
20171002,100.8028
20171003,100.8028
20171004,100.8028
20171005,100.8028
20171006,100.8028
20171009,100.8028
20171010,100.8028
20171011,100.8028
20171012,100.8028
20171013,100.8028
20171016,100.8028
20171017,100.8028
20171018,100.8028
20171019,100.8028
20171020,100.8028
20171023,100.8028
20171024,100.8028
20171025,100.8028
20171026,100.8028
20171027,100.8028
20171030,100.8028
20171031,100.8028
20171101,100.8232
20171102,100.8232
20171103,100.8232
20171106,100.8232
20171107,100.8232
20171108,100.8232
20171109,100.8232
20171110,100.8232
20171113,100.8232
20171114,100.8232
20171115,100.8232
20171116,100.8232
20171117,100.8232
20171120,100.8232
20171121,100.8232
20171122,100.8232
20171124,100.8232
20171127,100.8232
20171128,100.8232
20171129,100.8232
20171130,100.8232
20171201,100.8183
20171204,100.8183
20171205,100.8183
20171206,100.8183
20171207,100.8183
20171208,100.8183
20171211,100.8183
20171212,100.8183
20171213,100.8183
20171214,100.8183
20171215,100.8183
20171218,100.8183
20171219,100.8183
20171220,100.8183
20171221,100.8183
20171222,100.8183
20171226,100.8183
20171227,100.8183
20171228,100.8183
20171229,100.8183
20180102,100.7925
20180103,100.7925
20180104,100.7925
20180105,100.7925
20180108,100.7925
20180109,100.7925
20180110,100.7925
20180111,100.7925
20180112,100.7925
20180116,100.7925
20180117,100.7925
20180118,100.7925
20180119,100.7925
20180122,100.7925
20180123,100.7925
20180124,100.7925
20180125,100.7925
20180126,100.7925
20180129,100.7925
20180130,100.7925
20180131,100.7925
20180201,100.7475
20180202,100.7475
20180205,100.7475
20180206,100.7475
20180207,100.7475
20180208,100.7475
20180209,100.7475
20180212,100.7475
20180213,100.7475
20180214,100.7475
20180215,100.7475
20180216,100.7475
20180220,100.7475
20180221,100.7475
20180222,100.7475
20180223,100.7475
20180226,100.7475
20180227,100.7475
20180228,100.7475
20180301,100.6797
20180302,100.6797
20180305,100.6797
20180306,100.6797
20180307,100.6797
20180308,100.6797
20180309,100.6797
20180312,100.6797
20180313,100.6797
20180314,100.6797
20180315,100.6797
20180316,100.6797
20180319,100.6797
20180320,100.6797
20180321,100.6797
20180322,100.6797
20180323,100.6797
20180326,100.6797
20180327,100.6797
20180328,100.6797
20180329,100.6797
20180402,100.5908
20180403,100.5908
20180404,100.5908
20180405,100.5908
20180406,100.5908
20180409,100.5908
20180410,100.5908
20180411,100.5908
20180412,100.5908
20180413,100.5908
20180416,100.5908
20180417,100.5908
20180418,100.5908
20180419,100.5908
20180420,100.5908
20180423,100.5908
20180424,100.5908
20180425,100.5908
20180426,100.5908
20180427,100.5908
20180430,100.5908
20180501,100.4842
20180502,100.4842
20180503,100.4842
20180504,100.4842
20180507,100.4842
20180508,100.4842
20180509,100.4842
20180510,100.4842
20180511,100.4842
20180514,100.4842
20180515,100.4842
20180516,100.4842
20180517,100.4842
20180518,100.4842
20180521,100.4842
20180522,100.4842
20180523,100.4842
20180524,100.4842
20180525,100.4842
20180529,100.4842
20180530,100.4842
20180531,100.4842
20180601,100.3603
20180604,100.3603
20180605,100.3603
20180606,100.3603
20180607,100.3603
20180608,100.3603
20180611,100.3603
20180612,100.3603
20180613,100.3603
20180614,100.3603
20180615,100.3603
20180618,100.3603
20180619,100.3603
20180620,100.3603
20180621,100.3603
20180622,100.3603
20180625,100.3603
20180626,100.3603
20180627,100.3603
20180628,100.3603
20180629,100.3603
20180702,100.222
20180703,100.222
20180705,100.222
20180706,100.222
20180709,100.222
20180710,100.222
20180711,100.222
20180712,100.222
20180713,100.222
20180716,100.222
20180717,100.222
20180718,100.222
20180719,100.222
20180720,100.222
20180723,100.222
20180724,100.222
20180725,100.222
20180726,100.222
20180727,100.222
20180730,100.222
20180731,100.222
20180801,100.0738
20180802,100.0738
20180803,100.0738
20180806,100.0738
20180807,100.0738
20180808,100.0738
20180809,100.0738
20180810,100.0738
20180813,100.0738
20180814,100.0738
20180815,100.0738
20180816,100.0738
20180817,100.0738
20180820,100.0738
20180821,100.0738
20180822,100.0738
20180823,100.0738
20180824,100.0738
20180827,100.0738
20180828,100.0738
20180829,100.0738
20180830,100.0738
20180831,100.0738
20180904,99.92185
20180905,99.92185
20180906,99.92185
20180907,99.92185
20180910,99.92185
20180911,99.92185
20180912,99.92185
20180913,99.92185
20180914,99.92185
20180917,99.92185
20180918,99.92185
20180919,99.92185
20180920,99.92185
20180921,99.92185
20180924,99.92185
20180925,99.92185
20180926,99.92185
20180927,99.92185
20180928,99.92185
20181001,99.77311
20181002,99.77311
20181003,99.77311
20181004,99.77311
20181005,99.77311
20181008,99.77311
20181009,99.77311
20181010,99.77311
20181011,99.77311
20181012,99.77311
20181015,99.77311
20181016,99.77311
20181017,99.77311
20181018,99.77311
20181019,99.77311
20181022,99.77311
20181023,99.77311
20181024,99.77311
20181025,99.77311
20181026,99.77311
20181029,99.77311
20181030,99.77311
20181031,99.77311
20181101,99.63915
20181102,99.63915
20181105,99.63915
20181106,99.63915
20181107,99.63915
20181108,99.63915
20181109,99.63915
20181112,99.63915
20181113,99.63915
20181114,99.63915
20181115,99.63915
20181116,99.63915
20181119,99.63915
20181120,99.63915
20181121,99.63915
20181123,99.63915
20181126,99.63915
20181127,99.63915
20181128,99.63915
20181129,99.63915
20181130,99.63915
20181203,99.52509
20181204,99.52509
