DateTime,Twin_Growth,Goldilocks,Stagflation,Slowing_down
20091201,1.0,0.0,0.0,0.0
20091202,1.0,0.0,0.0,0.0
20091203,1.0,0.0,0.0,0.0
20091204,1.0,0.0,0.0,0.0
20091207,1.0,0.0,0.0,0.0
20091208,1.0,0.0,0.0,0.0
20091209,1.0,0.0,0.0,0.0
20091210,1.0,0.0,0.0,0.0
20091211,1.0,0.0,0.0,0.0
20091214,1.0,0.0,0.0,0.0
20091215,1.0,0.0,0.0,0.0
20091216,1.0,0.0,0.0,0.0
20091217,1.0,0.0,0.0,0.0
20091218,1.0,0.0,0.0,0.0
20091221,1.0,0.0,0.0,0.0
20091222,1.0,0.0,0.0,0.0
20091223,1.0,0.0,0.0,0.0
20091224,1.0,0.0,0.0,0.0
20091228,1.0,0.0,0.0,0.0
20091229,1.0,0.0,0.0,0.0
20091230,1.0,0.0,0.0,0.0
20091231,1.0,0.0,0.0,0.0
20100104,1.0,0.0,0.0,0.0
20100105,1.0,0.0,0.0,0.0
20100106,1.0,0.0,0.0,0.0
20100107,1.0,0.0,0.0,0.0
20100108,1.0,0.0,0.0,0.0
20100111,1.0,0.0,0.0,0.0
20100112,1.0,0.0,0.0,0.0
20100113,1.0,0.0,0.0,0.0
20100114,1.0,0.0,0.0,0.0
20100115,1.0,0.0,0.0,0.0
20100119,1.0,0.0,0.0,0.0
20100120,1.0,0.0,0.0,0.0
20100121,1.0,0.0,0.0,0.0
20100122,1.0,0.0,0.0,0.0
20100125,1.0,0.0,0.0,0.0
20100126,1.0,0.0,0.0,0.0
20100127,1.0,0.0,0.0,0.0
20100128,1.0,0.0,0.0,0.0
20100129,1.0,0.0,0.0,0.0
20100201,0.0,1.0,0.0,0.0
20100202,0.0,1.0,0.0,0.0
20100203,0.0,1.0,0.0,0.0
20100204,0.0,1.0,0.0,0.0
20100205,0.0,1.0,0.0,0.0
20100208,0.0,1.0,0.0,0.0
20100209,0.0,1.0,0.0,0.0
20100210,0.0,1.0,0.0,0.0
20100211,0.0,1.0,0.0,0.0
20100212,0.0,1.0,0.0,0.0
20100216,0.0,1.0,0.0,0.0
20100217,0.0,1.0,0.0,0.0
20100218,0.0,1.0,0.0,0.0
20100219,0.0,1.0,0.0,0.0
20100222,0.0,1.0,0.0,0.0
20100223,0.0,1.0,0.0,0.0
20100224,0.0,1.0,0.0,0.0
20100225,0.0,1.0,0.0,0.0
20100226,0.0,1.0,0.0,0.0
20100301,1.0,0.0,0.0,0.0
20100302,1.0,0.0,0.0,0.0
20100303,1.0,0.0,0.0,0.0
20100304,1.0,0.0,0.0,0.0
20100305,1.0,0.0,0.0,0.0
20100308,1.0,0.0,0.0,0.0
20100309,1.0,0.0,0.0,0.0
20100310,1.0,0.0,0.0,0.0
20100311,1.0,0.0,0.0,0.0
20100312,1.0,0.0,0.0,0.0
20100315,1.0,0.0,0.0,0.0
20100316,1.0,0.0,0.0,0.0
20100317,1.0,0.0,0.0,0.0
20100318,1.0,0.0,0.0,0.0
20100319,1.0,0.0,0.0,0.0
20100322,1.0,0.0,0.0,0.0
20100323,1.0,0.0,0.0,0.0
20100324,1.0,0.0,0.0,0.0
20100325,1.0,0.0,0.0,0.0
20100326,1.0,0.0,0.0,0.0
20100329,1.0,0.0,0.0,0.0
20100330,1.0,0.0,0.0,0.0
20100331,1.0,0.0,0.0,0.0
20100401,0.0,0.0,1.0,0.0
20100405,0.0,0.0,1.0,0.0
20100406,0.0,0.0,1.0,0.0
20100407,0.0,0.0,1.0,0.0
20100408,0.0,0.0,1.0,0.0
20100409,0.0,0.0,1.0,0.0
20100412,0.0,0.0,1.0,0.0
20100413,0.0,0.0,1.0,0.0
20100414,0.0,0.0,1.0,0.0
20100415,0.0,0.0,1.0,0.0
20100416,0.0,0.0,1.0,0.0
20100419,0.0,0.0,1.0,0.0
20100420,0.0,0.0,1.0,0.0
20100421,0.0,0.0,1.0,0.0
20100422,0.0,0.0,1.0,0.0
20100423,0.0,0.0,1.0,0.0
20100426,0.0,0.0,1.0,0.0
20100427,0.0,0.0,1.0,0.0
20100428,0.0,0.0,1.0,0.0
20100429,0.0,0.0,1.0,0.0
20100430,0.0,0.0,1.0,0.0
20100503,0.0,0.0,1.0,0.0
20100504,0.0,0.0,1.0,0.0
20100505,0.0,0.0,1.0,0.0
20100506,0.0,0.0,1.0,0.0
20100507,0.0,0.0,1.0,0.0
20100510,0.0,0.0,1.0,0.0
20100511,0.0,0.0,1.0,0.0
20100512,0.0,0.0,1.0,0.0
20100513,0.0,0.0,1.0,0.0
20100514,0.0,0.0,1.0,0.0
20100517,0.0,0.0,1.0,0.0
20100518,0.0,0.0,1.0,0.0
20100519,0.0,0.0,1.0,0.0
20100520,0.0,0.0,1.0,0.0
20100521,0.0,0.0,1.0,0.0
20100524,0.0,0.0,1.0,0.0
20100525,0.0,0.0,1.0,0.0
20100526,0.0,0.0,1.0,0.0
20100527,0.0,0.0,1.0,0.0
20100528,0.0,0.0,1.0,0.0
20100601,0.0,0.0,0.0,1.0
20100602,0.0,0.0,0.0,1.0
20100603,0.0,0.0,0.0,1.0
20100604,0.0,0.0,0.0,1.0
20100607,0.0,0.0,0.0,1.0
20100608,0.0,0.0,0.0,1.0
20100609,0.0,0.0,0.0,1.0
20100610,0.0,0.0,0.0,1.0
20100611,0.0,0.0,0.0,1.0
20100614,0.0,0.0,0.0,1.0
20100615,0.0,0.0,0.0,1.0
20100616,0.0,0.0,0.0,1.0
20100617,0.0,0.0,0.0,1.0
20100618,0.0,0.0,0.0,1.0
20100621,0.0,0.0,0.0,1.0
20100622,0.0,0.0,0.0,1.0
20100623,0.0,0.0,0.0,1.0
20100624,0.0,0.0,0.0,1.0
20100625,0.0,0.0,0.0,1.0
20100628,0.0,0.0,0.0,1.0
20100629,0.0,0.0,0.0,1.0
20100630,0.0,0.0,0.0,1.0
20100701,0.0,0.0,1.0,0.0
20100702,0.0,0.0,1.0,0.0
20100706,0.0,0.0,1.0,0.0
20100707,0.0,0.0,1.0,0.0
20100708,0.0,0.0,1.0,0.0
20100709,0.0,0.0,1.0,0.0
20100712,0.0,0.0,1.0,0.0
20100713,0.0,0.0,1.0,0.0
20100714,0.0,0.0,1.0,0.0
20100715,0.0,0.0,1.0,0.0
20100716,0.0,0.0,1.0,0.0
20100719,0.0,0.0,1.0,0.0
20100720,0.0,0.0,1.0,0.0
20100721,0.0,0.0,1.0,0.0
20100722,0.0,0.0,1.0,0.0
20100723,0.0,0.0,1.0,0.0
20100726,0.0,0.0,1.0,0.0
20100727,0.0,0.0,1.0,0.0
20100728,0.0,0.0,1.0,0.0
20100729,0.0,0.0,1.0,0.0
20100730,0.0,0.0,1.0,0.0
20100802,0.0,0.0,1.0,0.0
20100803,0.0,0.0,1.0,0.0
20100804,0.0,0.0,1.0,0.0
20100805,0.0,0.0,1.0,0.0
20100806,0.0,0.0,1.0,0.0
20100809,0.0,0.0,1.0,0.0
20100810,0.0,0.0,1.0,0.0
20100811,0.0,0.0,1.0,0.0
20100812,0.0,0.0,1.0,0.0
20100813,0.0,0.0,1.0,0.0
20100816,0.0,0.0,1.0,0.0
20100817,0.0,0.0,1.0,0.0
20100818,0.0,0.0,1.0,0.0
20100819,0.0,0.0,1.0,0.0
20100820,0.0,0.0,1.0,0.0
20100823,0.0,0.0,1.0,0.0
20100824,0.0,0.0,1.0,0.0
20100825,0.0,0.0,1.0,0.0
20100826,0.0,0.0,1.0,0.0
20100827,0.0,0.0,1.0,0.0
20100830,0.0,0.0,1.0,0.0
20100831,0.0,0.0,1.0,0.0
20100901,1.0,0.0,0.0,0.0
20100902,1.0,0.0,0.0,0.0
20100903,1.0,0.0,0.0,0.0
20100907,1.0,0.0,0.0,0.0
20100908,1.0,0.0,0.0,0.0
20100909,1.0,0.0,0.0,0.0
20100910,1.0,0.0,0.0,0.0
20100913,1.0,0.0,0.0,0.0
20100914,1.0,0.0,0.0,0.0
20100915,1.0,0.0,0.0,0.0
20100916,1.0,0.0,0.0,0.0
20100917,1.0,0.0,0.0,0.0
20100920,1.0,0.0,0.0,0.0
20100921,1.0,0.0,0.0,0.0
20100922,1.0,0.0,0.0,0.0
20100923,1.0,0.0,0.0,0.0
20100924,1.0,0.0,0.0,0.0
20100927,1.0,0.0,0.0,0.0
20100928,1.0,0.0,0.0,0.0
20100929,1.0,0.0,0.0,0.0
20100930,1.0,0.0,0.0,0.0
20101001,1.0,0.0,0.0,0.0
20101004,1.0,0.0,0.0,0.0
20101005,1.0,0.0,0.0,0.0
20101006,1.0,0.0,0.0,0.0
20101007,1.0,0.0,0.0,0.0
20101008,1.0,0.0,0.0,0.0
20101011,1.0,0.0,0.0,0.0
20101012,1.0,0.0,0.0,0.0
20101013,1.0,0.0,0.0,0.0
20101014,1.0,0.0,0.0,0.0
20101015,1.0,0.0,0.0,0.0
20101018,1.0,0.0,0.0,0.0
20101019,1.0,0.0,0.0,0.0
20101020,1.0,0.0,0.0,0.0
20101021,1.0,0.0,0.0,0.0
20101022,1.0,0.0,0.0,0.0
20101025,1.0,0.0,0.0,0.0
20101026,1.0,0.0,0.0,0.0
20101027,1.0,0.0,0.0,0.0
20101028,1.0,0.0,0.0,0.0
20101029,1.0,0.0,0.0,0.0
20101101,1.0,0.0,0.0,0.0
20101102,1.0,0.0,0.0,0.0
20101103,1.0,0.0,0.0,0.0
20101104,1.0,0.0,0.0,0.0
20101105,1.0,0.0,0.0,0.0
20101108,1.0,0.0,0.0,0.0
20101109,1.0,0.0,0.0,0.0
20101110,1.0,0.0,0.0,0.0
20101111,1.0,0.0,0.0,0.0
20101112,1.0,0.0,0.0,0.0
20101115,1.0,0.0,0.0,0.0
20101116,1.0,0.0,0.0,0.0
20101117,1.0,0.0,0.0,0.0
20101118,1.0,0.0,0.0,0.0
20101119,1.0,0.0,0.0,0.0
20101122,1.0,0.0,0.0,0.0
20101123,1.0,0.0,0.0,0.0
20101124,1.0,0.0,0.0,0.0
20101126,1.0,0.0,0.0,0.0
20101129,1.0,0.0,0.0,0.0
20101130,1.0,0.0,0.0,0.0
20101201,1.0,0.0,0.0,0.0
20101202,1.0,0.0,0.0,0.0
20101203,1.0,0.0,0.0,0.0
20101206,1.0,0.0,0.0,0.0
20101207,1.0,0.0,0.0,0.0
20101208,1.0,0.0,0.0,0.0
20101209,1.0,0.0,0.0,0.0
20101210,1.0,0.0,0.0,0.0
20101213,1.0,0.0,0.0,0.0
20101214,1.0,0.0,0.0,0.0
20101215,1.0,0.0,0.0,0.0
20101216,1.0,0.0,0.0,0.0
20101217,1.0,0.0,0.0,0.0
20101220,1.0,0.0,0.0,0.0
20101221,1.0,0.0,0.0,0.0
20101222,1.0,0.0,0.0,0.0
20101223,1.0,0.0,0.0,0.0
20101227,1.0,0.0,0.0,0.0
20101228,1.0,0.0,0.0,0.0
20101229,1.0,0.0,0.0,0.0
20101230,1.0,0.0,0.0,0.0
20101231,1.0,0.0,0.0,0.0
20110103,1.0,0.0,0.0,0.0
20110104,1.0,0.0,0.0,0.0
20110105,1.0,0.0,0.0,0.0
20110106,1.0,0.0,0.0,0.0
20110107,1.0,0.0,0.0,0.0
20110110,1.0,0.0,0.0,0.0
20110111,1.0,0.0,0.0,0.0
20110112,1.0,0.0,0.0,0.0
20110113,1.0,0.0,0.0,0.0
20110114,1.0,0.0,0.0,0.0
20110118,1.0,0.0,0.0,0.0
20110119,1.0,0.0,0.0,0.0
20110120,1.0,0.0,0.0,0.0
20110121,1.0,0.0,0.0,0.0
20110124,1.0,0.0,0.0,0.0
20110125,1.0,0.0,0.0,0.0
20110126,1.0,0.0,0.0,0.0
20110127,1.0,0.0,0.0,0.0
20110128,1.0,0.0,0.0,0.0
20110131,1.0,0.0,0.0,0.0
20110201,1.0,0.0,0.0,0.0
20110202,1.0,0.0,0.0,0.0
20110203,1.0,0.0,0.0,0.0
20110204,1.0,0.0,0.0,0.0
20110207,1.0,0.0,0.0,0.0
20110208,1.0,0.0,0.0,0.0
20110209,1.0,0.0,0.0,0.0
20110210,1.0,0.0,0.0,0.0
20110211,1.0,0.0,0.0,0.0
20110214,1.0,0.0,0.0,0.0
20110215,1.0,0.0,0.0,0.0
20110216,1.0,0.0,0.0,0.0
20110217,1.0,0.0,0.0,0.0
20110218,1.0,0.0,0.0,0.0
20110222,1.0,0.0,0.0,0.0
20110223,1.0,0.0,0.0,0.0
20110224,1.0,0.0,0.0,0.0
20110225,1.0,0.0,0.0,0.0
20110228,1.0,0.0,0.0,0.0
20110301,0.0,0.0,1.0,0.0
20110302,0.0,0.0,1.0,0.0
20110303,0.0,0.0,1.0,0.0
20110304,0.0,0.0,1.0,0.0
20110307,0.0,0.0,1.0,0.0
20110308,0.0,0.0,1.0,0.0
20110309,0.0,0.0,1.0,0.0
20110310,0.0,0.0,1.0,0.0
20110311,0.0,0.0,1.0,0.0
20110314,0.0,0.0,1.0,0.0
20110315,0.0,0.0,1.0,0.0
20110316,0.0,0.0,1.0,0.0
20110317,0.0,0.0,1.0,0.0
20110318,0.0,0.0,1.0,0.0
20110321,0.0,0.0,1.0,0.0
20110322,0.0,0.0,1.0,0.0
20110323,0.0,0.0,1.0,0.0
20110324,0.0,0.0,1.0,0.0
20110325,0.0,0.0,1.0,0.0
20110328,0.0,0.0,1.0,0.0
20110329,0.0,0.0,1.0,0.0
20110330,0.0,0.0,1.0,0.0
20110331,0.0,0.0,1.0,0.0
20110401,0.0,0.0,1.0,0.0
20110404,0.0,0.0,1.0,0.0
20110405,0.0,0.0,1.0,0.0
20110406,0.0,0.0,1.0,0.0
20110407,0.0,0.0,1.0,0.0
20110408,0.0,0.0,1.0,0.0
20110411,0.0,0.0,1.0,0.0
20110412,0.0,0.0,1.0,0.0
20110413,0.0,0.0,1.0,0.0
20110414,0.0,0.0,1.0,0.0
20110415,0.0,0.0,1.0,0.0
20110418,0.0,0.0,1.0,0.0
20110419,0.0,0.0,1.0,0.0
20110420,0.0,0.0,1.0,0.0
20110421,0.0,0.0,1.0,0.0
20110425,0.0,0.0,1.0,0.0
20110426,0.0,0.0,1.0,0.0
20110427,0.0,0.0,1.0,0.0
20110428,0.0,0.0,1.0,0.0
20110429,0.0,0.0,1.0,0.0
20110502,0.0,0.0,1.0,0.0
20110503,0.0,0.0,1.0,0.0
20110504,0.0,0.0,1.0,0.0
20110505,0.0,0.0,1.0,0.0
20110506,0.0,0.0,1.0,0.0
20110509,0.0,0.0,1.0,0.0
20110510,0.0,0.0,1.0,0.0
20110511,0.0,0.0,1.0,0.0
20110512,0.0,0.0,1.0,0.0
20110513,0.0,0.0,1.0,0.0
20110516,0.0,0.0,1.0,0.0
20110517,0.0,0.0,1.0,0.0
20110518,0.0,0.0,1.0,0.0
20110519,0.0,0.0,1.0,0.0
20110520,0.0,0.0,1.0,0.0
20110523,0.0,0.0,1.0,0.0
20110524,0.0,0.0,1.0,0.0
20110525,0.0,0.0,1.0,0.0
20110526,0.0,0.0,1.0,0.0
20110527,0.0,0.0,1.0,0.0
20110531,0.0,0.0,1.0,0.0
20110601,0.0,0.0,1.0,0.0
20110602,0.0,0.0,1.0,0.0
20110603,0.0,0.0,1.0,0.0
20110606,0.0,0.0,1.0,0.0
20110607,0.0,0.0,1.0,0.0
20110608,0.0,0.0,1.0,0.0
20110609,0.0,0.0,1.0,0.0
20110610,0.0,0.0,1.0,0.0
20110613,0.0,0.0,1.0,0.0
20110614,0.0,0.0,1.0,0.0
20110615,0.0,0.0,1.0,0.0
20110616,0.0,0.0,1.0,0.0
20110617,0.0,0.0,1.0,0.0
20110620,0.0,0.0,1.0,0.0
20110621,0.0,0.0,1.0,0.0
20110622,0.0,0.0,1.0,0.0
20110623,0.0,0.0,1.0,0.0
20110624,0.0,0.0,1.0,0.0
20110627,0.0,0.0,1.0,0.0
20110628,0.0,0.0,1.0,0.0
20110629,0.0,0.0,1.0,0.0
20110630,0.0,0.0,1.0,0.0
20110701,0.0,0.0,1.0,0.0
20110705,0.0,0.0,1.0,0.0
20110706,0.0,0.0,1.0,0.0
20110707,0.0,0.0,1.0,0.0
20110708,0.0,0.0,1.0,0.0
20110711,0.0,0.0,1.0,0.0
20110712,0.0,0.0,1.0,0.0
20110713,0.0,0.0,1.0,0.0
20110714,0.0,0.0,1.0,0.0
20110715,0.0,0.0,1.0,0.0
20110718,0.0,0.0,1.0,0.0
20110719,0.0,0.0,1.0,0.0
20110720,0.0,0.0,1.0,0.0
20110721,0.0,0.0,1.0,0.0
20110722,0.0,0.0,1.0,0.0
20110725,0.0,0.0,1.0,0.0
20110726,0.0,0.0,1.0,0.0
20110727,0.0,0.0,1.0,0.0
20110728,0.0,0.0,1.0,0.0
20110729,0.0,0.0,1.0,0.0
20110801,0.0,0.0,1.0,0.0
20110802,0.0,0.0,1.0,0.0
20110803,0.0,0.0,1.0,0.0
20110804,0.0,0.0,1.0,0.0
20110805,0.0,0.0,1.0,0.0
20110808,0.0,0.0,1.0,0.0
20110809,0.0,0.0,1.0,0.0
20110810,0.0,0.0,1.0,0.0
20110811,0.0,0.0,1.0,0.0
20110812,0.0,0.0,1.0,0.0
20110815,0.0,0.0,1.0,0.0
20110816,0.0,0.0,1.0,0.0
20110817,0.0,0.0,1.0,0.0
20110818,0.0,0.0,1.0,0.0
20110819,0.0,0.0,1.0,0.0
20110822,0.0,0.0,1.0,0.0
20110823,0.0,0.0,1.0,0.0
20110824,0.0,0.0,1.0,0.0
20110825,0.0,0.0,1.0,0.0
20110826,0.0,0.0,1.0,0.0
20110829,0.0,0.0,1.0,0.0
20110830,0.0,0.0,1.0,0.0
20110831,0.0,0.0,1.0,0.0
20110901,0.0,0.0,1.0,0.0
20110902,0.0,0.0,1.0,0.0
20110906,0.0,0.0,1.0,0.0
20110907,0.0,0.0,1.0,0.0
20110908,0.0,0.0,1.0,0.0
20110909,0.0,0.0,1.0,0.0
20110912,0.0,0.0,1.0,0.0
20110913,0.0,0.0,1.0,0.0
20110914,0.0,0.0,1.0,0.0
20110915,0.0,0.0,1.0,0.0
20110916,0.0,0.0,1.0,0.0
20110919,0.0,0.0,1.0,0.0
20110920,0.0,0.0,1.0,0.0
20110921,0.0,0.0,1.0,0.0
20110922,0.0,0.0,1.0,0.0
20110923,0.0,0.0,1.0,0.0
20110926,0.0,0.0,1.0,0.0
20110927,0.0,0.0,1.0,0.0
20110928,0.0,0.0,1.0,0.0
20110929,0.0,0.0,1.0,0.0
20110930,0.0,0.0,1.0,0.0
20111003,0.0,0.0,1.0,0.0
20111004,0.0,0.0,1.0,0.0
20111005,0.0,0.0,1.0,0.0
20111006,0.0,0.0,1.0,0.0
20111007,0.0,0.0,1.0,0.0
20111010,0.0,0.0,1.0,0.0
20111011,0.0,0.0,1.0,0.0
20111012,0.0,0.0,1.0,0.0
20111013,0.0,0.0,1.0,0.0
20111014,0.0,0.0,1.0,0.0
20111017,0.0,0.0,1.0,0.0
20111018,0.0,0.0,1.0,0.0
20111019,0.0,0.0,1.0,0.0
20111020,0.0,0.0,1.0,0.0
20111021,0.0,0.0,1.0,0.0
20111024,0.0,0.0,1.0,0.0
20111025,0.0,0.0,1.0,0.0
20111026,0.0,0.0,1.0,0.0
20111027,0.0,0.0,1.0,0.0
20111028,0.0,0.0,1.0,0.0
20111031,0.0,0.0,1.0,0.0
20111101,0.0,0.0,1.0,0.0
20111102,0.0,0.0,1.0,0.0
20111103,0.0,0.0,1.0,0.0
20111104,0.0,0.0,1.0,0.0
20111107,0.0,0.0,1.0,0.0
20111108,0.0,0.0,1.0,0.0
20111109,0.0,0.0,1.0,0.0
20111110,0.0,0.0,1.0,0.0
20111111,0.0,0.0,1.0,0.0
20111114,0.0,0.0,1.0,0.0
20111115,0.0,0.0,1.0,0.0
20111116,0.0,0.0,1.0,0.0
20111117,0.0,0.0,1.0,0.0
20111118,0.0,0.0,1.0,0.0
20111121,0.0,0.0,1.0,0.0
20111122,0.0,0.0,1.0,0.0
20111123,0.0,0.0,1.0,0.0
20111125,0.0,0.0,1.0,0.0
20111128,0.0,0.0,1.0,0.0
20111129,0.0,0.0,1.0,0.0
20111130,0.0,0.0,1.0,0.0
20111201,0.0,0.0,1.0,0.0
20111202,0.0,0.0,1.0,0.0
20111205,0.0,0.0,1.0,0.0
20111206,0.0,0.0,1.0,0.0
20111207,0.0,0.0,1.0,0.0
20111208,0.0,0.0,1.0,0.0
20111209,0.0,0.0,1.0,0.0
20111212,0.0,0.0,1.0,0.0
20111213,0.0,0.0,1.0,0.0
20111214,0.0,0.0,1.0,0.0
20111215,0.0,0.0,1.0,0.0
20111216,0.0,0.0,1.0,0.0
20111219,0.0,0.0,1.0,0.0
20111220,0.0,0.0,1.0,0.0
20111221,0.0,0.0,1.0,0.0
20111222,0.0,0.0,1.0,0.0
20111223,0.0,0.0,1.0,0.0
20111227,0.0,0.0,1.0,0.0
20111228,0.0,0.0,1.0,0.0
20111229,0.0,0.0,1.0,0.0
20111230,0.0,0.0,1.0,0.0
20120103,0.0,0.0,1.0,0.0
20120104,0.0,0.0,1.0,0.0
20120105,0.0,0.0,1.0,0.0
20120106,0.0,0.0,1.0,0.0
20120109,0.0,0.0,1.0,0.0
20120110,0.0,0.0,1.0,0.0
20120111,0.0,0.0,1.0,0.0
20120112,0.0,0.0,1.0,0.0
20120113,0.0,0.0,1.0,0.0
20120117,0.0,0.0,1.0,0.0
20120118,0.0,0.0,1.0,0.0
20120119,0.0,0.0,1.0,0.0
20120120,0.0,0.0,1.0,0.0
20120123,0.0,0.0,1.0,0.0
20120124,0.0,0.0,1.0,0.0
20120125,0.0,0.0,1.0,0.0
20120126,0.0,0.0,1.0,0.0
20120127,0.0,0.0,1.0,0.0
20120130,0.0,0.0,1.0,0.0
20120131,0.0,0.0,1.0,0.0
20120201,1.0,0.0,0.0,0.0
20120202,1.0,0.0,0.0,0.0
20120203,1.0,0.0,0.0,0.0
20120206,1.0,0.0,0.0,0.0
20120207,1.0,0.0,0.0,0.0
20120208,1.0,0.0,0.0,0.0
20120209,1.0,0.0,0.0,0.0
20120210,1.0,0.0,0.0,0.0
20120213,1.0,0.0,0.0,0.0
20120214,1.0,0.0,0.0,0.0
20120215,1.0,0.0,0.0,0.0
20120216,1.0,0.0,0.0,0.0
20120217,1.0,0.0,0.0,0.0
20120221,1.0,0.0,0.0,0.0
20120222,1.0,0.0,0.0,0.0
20120223,1.0,0.0,0.0,0.0
20120224,1.0,0.0,0.0,0.0
20120227,1.0,0.0,0.0,0.0
20120228,1.0,0.0,0.0,0.0
20120229,1.0,0.0,0.0,0.0
20120301,0.0,0.0,1.0,0.0
20120302,0.0,0.0,1.0,0.0
20120305,0.0,0.0,1.0,0.0
20120306,0.0,0.0,1.0,0.0
20120307,0.0,0.0,1.0,0.0
20120308,0.0,0.0,1.0,0.0
20120309,0.0,0.0,1.0,0.0
20120312,0.0,0.0,1.0,0.0
20120313,0.0,0.0,1.0,0.0
20120314,0.0,0.0,1.0,0.0
20120315,0.0,0.0,1.0,0.0
20120316,0.0,0.0,1.0,0.0
20120319,0.0,0.0,1.0,0.0
20120320,0.0,0.0,1.0,0.0
20120321,0.0,0.0,1.0,0.0
20120322,0.0,0.0,1.0,0.0
20120323,0.0,0.0,1.0,0.0
20120326,0.0,0.0,1.0,0.0
20120327,0.0,0.0,1.0,0.0
20120328,0.0,0.0,1.0,0.0
20120329,0.0,0.0,1.0,0.0
20120330,0.0,0.0,1.0,0.0
20120402,0.0,0.0,1.0,0.0
20120403,0.0,0.0,1.0,0.0
20120404,0.0,0.0,1.0,0.0
20120405,0.0,0.0,1.0,0.0
20120409,0.0,0.0,1.0,0.0
20120410,0.0,0.0,1.0,0.0
20120411,0.0,0.0,1.0,0.0
20120412,0.0,0.0,1.0,0.0
20120413,0.0,0.0,1.0,0.0
20120416,0.0,0.0,1.0,0.0
20120417,0.0,0.0,1.0,0.0
20120418,0.0,0.0,1.0,0.0
20120419,0.0,0.0,1.0,0.0
20120420,0.0,0.0,1.0,0.0
20120423,0.0,0.0,1.0,0.0
20120424,0.0,0.0,1.0,0.0
20120425,0.0,0.0,1.0,0.0
20120426,0.0,0.0,1.0,0.0
20120427,0.0,0.0,1.0,0.0
20120430,0.0,0.0,1.0,0.0
20120501,0.0,0.0,0.0,1.0
20120502,0.0,0.0,0.0,1.0
20120503,0.0,0.0,0.0,1.0
20120504,0.0,0.0,0.0,1.0
20120507,0.0,0.0,0.0,1.0
20120508,0.0,0.0,0.0,1.0
20120509,0.0,0.0,0.0,1.0
20120510,0.0,0.0,0.0,1.0
20120511,0.0,0.0,0.0,1.0
20120514,0.0,0.0,0.0,1.0
20120515,0.0,0.0,0.0,1.0
20120516,0.0,0.0,0.0,1.0
20120517,0.0,0.0,0.0,1.0
20120518,0.0,0.0,0.0,1.0
20120521,0.0,0.0,0.0,1.0
20120522,0.0,0.0,0.0,1.0
20120523,0.0,0.0,0.0,1.0
20120524,0.0,0.0,0.0,1.0
20120525,0.0,0.0,0.0,1.0
20120529,0.0,0.0,0.0,1.0
20120530,0.0,0.0,0.0,1.0
20120531,0.0,0.0,0.0,1.0
20120601,0.0,0.0,0.0,1.0
20120604,0.0,0.0,0.0,1.0
20120605,0.0,0.0,0.0,1.0
20120606,0.0,0.0,0.0,1.0
20120607,0.0,0.0,0.0,1.0
20120608,0.0,0.0,0.0,1.0
20120611,0.0,0.0,0.0,1.0
20120612,0.0,0.0,0.0,1.0
20120613,0.0,0.0,0.0,1.0
20120614,0.0,0.0,0.0,1.0
20120615,0.0,0.0,0.0,1.0
20120618,0.0,0.0,0.0,1.0
20120619,0.0,0.0,0.0,1.0
20120620,0.0,0.0,0.0,1.0
20120621,0.0,0.0,0.0,1.0
20120622,0.0,0.0,0.0,1.0
20120625,0.0,0.0,0.0,1.0
20120626,0.0,0.0,0.0,1.0
20120627,0.0,0.0,0.0,1.0
20120628,0.0,0.0,0.0,1.0
20120629,0.0,0.0,0.0,1.0
20120702,0.0,0.0,0.0,1.0
20120703,0.0,0.0,0.0,1.0
20120705,0.0,0.0,0.0,1.0
20120706,0.0,0.0,0.0,1.0
20120709,0.0,0.0,0.0,1.0
20120710,0.0,0.0,0.0,1.0
20120711,0.0,0.0,0.0,1.0
20120712,0.0,0.0,0.0,1.0
20120713,0.0,0.0,0.0,1.0
20120716,0.0,0.0,0.0,1.0
20120717,0.0,0.0,0.0,1.0
20120718,0.0,0.0,0.0,1.0
20120719,0.0,0.0,0.0,1.0
20120720,0.0,0.0,0.0,1.0
20120723,0.0,0.0,0.0,1.0
20120724,0.0,0.0,0.0,1.0
20120725,0.0,0.0,0.0,1.0
20120726,0.0,0.0,0.0,1.0
20120727,0.0,0.0,0.0,1.0
20120730,0.0,0.0,0.0,1.0
20120731,0.0,0.0,0.0,1.0
20120801,0.0,0.0,1.0,0.0
20120802,0.0,0.0,1.0,0.0
20120803,0.0,0.0,1.0,0.0
20120806,0.0,0.0,1.0,0.0
20120807,0.0,0.0,1.0,0.0
20120808,0.0,0.0,1.0,0.0
20120809,0.0,0.0,1.0,0.0
20120810,0.0,0.0,1.0,0.0
20120813,0.0,0.0,1.0,0.0
20120814,0.0,0.0,1.0,0.0
20120815,0.0,0.0,1.0,0.0
20120816,0.0,0.0,1.0,0.0
20120817,0.0,0.0,1.0,0.0
20120820,0.0,0.0,1.0,0.0
20120821,0.0,0.0,1.0,0.0
20120822,0.0,0.0,1.0,0.0
20120823,0.0,0.0,1.0,0.0
20120824,0.0,0.0,1.0,0.0
20120827,0.0,0.0,1.0,0.0
20120828,0.0,0.0,1.0,0.0
20120829,0.0,0.0,1.0,0.0
20120830,0.0,0.0,1.0,0.0
20120831,0.0,0.0,1.0,0.0
20120904,0.0,0.0,1.0,0.0
20120905,0.0,0.0,1.0,0.0
20120906,0.0,0.0,1.0,0.0
20120907,0.0,0.0,1.0,0.0
20120910,0.0,0.0,1.0,0.0
20120911,0.0,0.0,1.0,0.0
20120912,0.0,0.0,1.0,0.0
20120913,0.0,0.0,1.0,0.0
20120914,0.0,0.0,1.0,0.0
20120917,0.0,0.0,1.0,0.0
20120918,0.0,0.0,1.0,0.0
20120919,0.0,0.0,1.0,0.0
20120920,0.0,0.0,1.0,0.0
20120921,0.0,0.0,1.0,0.0
20120924,0.0,0.0,1.0,0.0
20120925,0.0,0.0,1.0,0.0
20120926,0.0,0.0,1.0,0.0
20120927,0.0,0.0,1.0,0.0
20120928,0.0,0.0,1.0,0.0
20121001,1.0,0.0,0.0,0.0
20121002,1.0,0.0,0.0,0.0
20121003,1.0,0.0,0.0,0.0
20121004,1.0,0.0,0.0,0.0
20121005,1.0,0.0,0.0,0.0
20121008,1.0,0.0,0.0,0.0
20121009,1.0,0.0,0.0,0.0
20121010,1.0,0.0,0.0,0.0
20121011,1.0,0.0,0.0,0.0
20121012,1.0,0.0,0.0,0.0
20121015,1.0,0.0,0.0,0.0
20121016,1.0,0.0,0.0,0.0
20121017,1.0,0.0,0.0,0.0
20121018,1.0,0.0,0.0,0.0
20121019,1.0,0.0,0.0,0.0
20121022,1.0,0.0,0.0,0.0
20121023,1.0,0.0,0.0,0.0
20121024,1.0,0.0,0.0,0.0
20121025,1.0,0.0,0.0,0.0
20121026,1.0,0.0,0.0,0.0
20121031,1.0,0.0,0.0,0.0
20121101,0.0,1.0,0.0,0.0
20121102,0.0,1.0,0.0,0.0
20121105,0.0,1.0,0.0,0.0
20121106,0.0,1.0,0.0,0.0
20121107,0.0,1.0,0.0,0.0
20121108,0.0,1.0,0.0,0.0
20121109,0.0,1.0,0.0,0.0
20121112,0.0,1.0,0.0,0.0
20121113,0.0,1.0,0.0,0.0
20121114,0.0,1.0,0.0,0.0
20121115,0.0,1.0,0.0,0.0
20121116,0.0,1.0,0.0,0.0
20121119,0.0,1.0,0.0,0.0
20121120,0.0,1.0,0.0,0.0
20121121,0.0,1.0,0.0,0.0
20121123,0.0,1.0,0.0,0.0
20121126,0.0,1.0,0.0,0.0
20121127,0.0,1.0,0.0,0.0
20121128,0.0,1.0,0.0,0.0
20121129,0.0,1.0,0.0,0.0
20121130,0.0,1.0,0.0,0.0
20121203,0.0,1.0,0.0,0.0
20121204,0.0,1.0,0.0,0.0
20121205,0.0,1.0,0.0,0.0
20121206,0.0,1.0,0.0,0.0
20121207,0.0,1.0,0.0,0.0
20121210,0.0,1.0,0.0,0.0
20121211,0.0,1.0,0.0,0.0
20121212,0.0,1.0,0.0,0.0
20121213,0.0,1.0,0.0,0.0
20121214,0.0,1.0,0.0,0.0
20121217,0.0,1.0,0.0,0.0
20121218,0.0,1.0,0.0,0.0
20121219,0.0,1.0,0.0,0.0
20121220,0.0,1.0,0.0,0.0
20121221,0.0,1.0,0.0,0.0
20121224,0.0,1.0,0.0,0.0
20121226,0.0,1.0,0.0,0.0
20121227,0.0,1.0,0.0,0.0
20121228,0.0,1.0,0.0,0.0
20121231,0.0,1.0,0.0,0.0
20130102,0.0,1.0,0.0,0.0
20130103,0.0,1.0,0.0,0.0
20130104,0.0,1.0,0.0,0.0
20130107,0.0,1.0,0.0,0.0
20130108,0.0,1.0,0.0,0.0
20130109,0.0,1.0,0.0,0.0
20130110,0.0,1.0,0.0,0.0
20130111,0.0,1.0,0.0,0.0
20130114,0.0,1.0,0.0,0.0
20130115,0.0,1.0,0.0,0.0
20130116,0.0,1.0,0.0,0.0
20130117,0.0,1.0,0.0,0.0
20130118,0.0,1.0,0.0,0.0
20130122,0.0,1.0,0.0,0.0
20130123,0.0,1.0,0.0,0.0
20130124,0.0,1.0,0.0,0.0
20130125,0.0,1.0,0.0,0.0
20130128,0.0,1.0,0.0,0.0
20130129,0.0,1.0,0.0,0.0
20130130,0.0,1.0,0.0,0.0
20130131,0.0,1.0,0.0,0.0
20130201,1.0,0.0,0.0,0.0
20130204,1.0,0.0,0.0,0.0
20130205,1.0,0.0,0.0,0.0
20130206,1.0,0.0,0.0,0.0
20130207,1.0,0.0,0.0,0.0
20130208,1.0,0.0,0.0,0.0
20130211,1.0,0.0,0.0,0.0
20130212,1.0,0.0,0.0,0.0
20130213,1.0,0.0,0.0,0.0
20130214,1.0,0.0,0.0,0.0
20130215,1.0,0.0,0.0,0.0
20130219,1.0,0.0,0.0,0.0
20130220,1.0,0.0,0.0,0.0
20130221,1.0,0.0,0.0,0.0
20130222,1.0,0.0,0.0,0.0
20130225,1.0,0.0,0.0,0.0
20130226,1.0,0.0,0.0,0.0
20130227,1.0,0.0,0.0,0.0
20130228,1.0,0.0,0.0,0.0
20130301,0.0,1.0,0.0,0.0
20130304,0.0,1.0,0.0,0.0
20130305,0.0,1.0,0.0,0.0
20130306,0.0,1.0,0.0,0.0
20130307,0.0,1.0,0.0,0.0
20130308,0.0,1.0,0.0,0.0
20130311,0.0,1.0,0.0,0.0
20130312,0.0,1.0,0.0,0.0
20130313,0.0,1.0,0.0,0.0
20130314,0.0,1.0,0.0,0.0
20130315,0.0,1.0,0.0,0.0
20130318,0.0,1.0,0.0,0.0
20130319,0.0,1.0,0.0,0.0
20130320,0.0,1.0,0.0,0.0
20130321,0.0,1.0,0.0,0.0
20130322,0.0,1.0,0.0,0.0
20130325,0.0,1.0,0.0,0.0
20130326,0.0,1.0,0.0,0.0
20130327,0.0,1.0,0.0,0.0
20130328,0.0,1.0,0.0,0.0
20130401,0.0,1.0,0.0,0.0
20130402,0.0,1.0,0.0,0.0
20130403,0.0,1.0,0.0,0.0
20130404,0.0,1.0,0.0,0.0
20130405,0.0,1.0,0.0,0.0
20130408,0.0,1.0,0.0,0.0
20130409,0.0,1.0,0.0,0.0
20130410,0.0,1.0,0.0,0.0
20130411,0.0,1.0,0.0,0.0
20130412,0.0,1.0,0.0,0.0
20130415,0.0,1.0,0.0,0.0
20130416,0.0,1.0,0.0,0.0
20130417,0.0,1.0,0.0,0.0
20130418,0.0,1.0,0.0,0.0
20130419,0.0,1.0,0.0,0.0
20130422,0.0,1.0,0.0,0.0
20130423,0.0,1.0,0.0,0.0
20130424,0.0,1.0,0.0,0.0
20130425,0.0,1.0,0.0,0.0
20130426,0.0,1.0,0.0,0.0
20130429,0.0,1.0,0.0,0.0
20130430,0.0,1.0,0.0,0.0
20130501,1.0,0.0,0.0,0.0
20130502,1.0,0.0,0.0,0.0
20130503,1.0,0.0,0.0,0.0
20130506,1.0,0.0,0.0,0.0
20130507,1.0,0.0,0.0,0.0
20130508,1.0,0.0,0.0,0.0
20130509,1.0,0.0,0.0,0.0
20130510,1.0,0.0,0.0,0.0
20130513,1.0,0.0,0.0,0.0
20130514,1.0,0.0,0.0,0.0
20130515,1.0,0.0,0.0,0.0
20130516,1.0,0.0,0.0,0.0
20130517,1.0,0.0,0.0,0.0
20130520,1.0,0.0,0.0,0.0
20130521,1.0,0.0,0.0,0.0
20130522,1.0,0.0,0.0,0.0
20130523,1.0,0.0,0.0,0.0
20130524,1.0,0.0,0.0,0.0
20130528,1.0,0.0,0.0,0.0
20130529,1.0,0.0,0.0,0.0
20130530,1.0,0.0,0.0,0.0
20130531,1.0,0.0,0.0,0.0
20130603,1.0,0.0,0.0,0.0
20130604,1.0,0.0,0.0,0.0
20130605,1.0,0.0,0.0,0.0
20130606,1.0,0.0,0.0,0.0
20130607,1.0,0.0,0.0,0.0
20130610,1.0,0.0,0.0,0.0
20130611,1.0,0.0,0.0,0.0
20130612,1.0,0.0,0.0,0.0
20130613,1.0,0.0,0.0,0.0
20130614,1.0,0.0,0.0,0.0
20130617,1.0,0.0,0.0,0.0
20130618,1.0,0.0,0.0,0.0
20130619,1.0,0.0,0.0,0.0
20130620,1.0,0.0,0.0,0.0
20130621,1.0,0.0,0.0,0.0
20130624,1.0,0.0,0.0,0.0
20130625,1.0,0.0,0.0,0.0
20130626,1.0,0.0,0.0,0.0
20130627,1.0,0.0,0.0,0.0
20130628,1.0,0.0,0.0,0.0
20130701,1.0,0.0,0.0,0.0
20130702,1.0,0.0,0.0,0.0
20130703,1.0,0.0,0.0,0.0
20130705,1.0,0.0,0.0,0.0
20130708,1.0,0.0,0.0,0.0
20130709,1.0,0.0,0.0,0.0
20130710,1.0,0.0,0.0,0.0
20130711,1.0,0.0,0.0,0.0
20130712,1.0,0.0,0.0,0.0
20130715,1.0,0.0,0.0,0.0
20130716,1.0,0.0,0.0,0.0
20130717,1.0,0.0,0.0,0.0
20130718,1.0,0.0,0.0,0.0
20130719,1.0,0.0,0.0,0.0
20130722,1.0,0.0,0.0,0.0
20130723,1.0,0.0,0.0,0.0
20130724,1.0,0.0,0.0,0.0
20130725,1.0,0.0,0.0,0.0
20130726,1.0,0.0,0.0,0.0
20130729,1.0,0.0,0.0,0.0
20130730,1.0,0.0,0.0,0.0
20130731,1.0,0.0,0.0,0.0
20130801,1.0,0.0,0.0,0.0
20130802,1.0,0.0,0.0,0.0
20130805,1.0,0.0,0.0,0.0
20130806,1.0,0.0,0.0,0.0
20130807,1.0,0.0,0.0,0.0
20130808,1.0,0.0,0.0,0.0
20130809,1.0,0.0,0.0,0.0
20130812,1.0,0.0,0.0,0.0
20130813,1.0,0.0,0.0,0.0
20130814,1.0,0.0,0.0,0.0
20130815,1.0,0.0,0.0,0.0
20130816,1.0,0.0,0.0,0.0
20130819,1.0,0.0,0.0,0.0
20130820,1.0,0.0,0.0,0.0
20130821,1.0,0.0,0.0,0.0
20130822,1.0,0.0,0.0,0.0
20130823,1.0,0.0,0.0,0.0
20130826,1.0,0.0,0.0,0.0
20130827,1.0,0.0,0.0,0.0
20130828,1.0,0.0,0.0,0.0
20130829,1.0,0.0,0.0,0.0
20130830,1.0,0.0,0.0,0.0
20130903,1.0,0.0,0.0,0.0
20130904,1.0,0.0,0.0,0.0
20130905,1.0,0.0,0.0,0.0
20130906,1.0,0.0,0.0,0.0
20130909,1.0,0.0,0.0,0.0
20130910,1.0,0.0,0.0,0.0
20130911,1.0,0.0,0.0,0.0
20130912,1.0,0.0,0.0,0.0
20130913,1.0,0.0,0.0,0.0
20130916,1.0,0.0,0.0,0.0
20130917,1.0,0.0,0.0,0.0
20130918,1.0,0.0,0.0,0.0
20130919,1.0,0.0,0.0,0.0
20130920,1.0,0.0,0.0,0.0
20130923,1.0,0.0,0.0,0.0
20130924,1.0,0.0,0.0,0.0
20130925,1.0,0.0,0.0,0.0
20130926,1.0,0.0,0.0,0.0
20130927,1.0,0.0,0.0,0.0
20130930,1.0,0.0,0.0,0.0
20131001,1.0,0.0,0.0,0.0
20131002,1.0,0.0,0.0,0.0
20131003,1.0,0.0,0.0,0.0
20131004,1.0,0.0,0.0,0.0
20131007,1.0,0.0,0.0,0.0
20131008,1.0,0.0,0.0,0.0
20131009,1.0,0.0,0.0,0.0
20131010,1.0,0.0,0.0,0.0
20131011,1.0,0.0,0.0,0.0
20131014,1.0,0.0,0.0,0.0
20131015,1.0,0.0,0.0,0.0
20131016,1.0,0.0,0.0,0.0
20131017,1.0,0.0,0.0,0.0
20131018,1.0,0.0,0.0,0.0
20131021,1.0,0.0,0.0,0.0
20131022,1.0,0.0,0.0,0.0
20131023,1.0,0.0,0.0,0.0
20131024,1.0,0.0,0.0,0.0
20131025,1.0,0.0,0.0,0.0
20131028,1.0,0.0,0.0,0.0
20131029,1.0,0.0,0.0,0.0
20131030,1.0,0.0,0.0,0.0
20131031,1.0,0.0,0.0,0.0
20131101,0.0,0.0,1.0,0.0
20131104,0.0,0.0,1.0,0.0
20131105,0.0,0.0,1.0,0.0
20131106,0.0,0.0,1.0,0.0
20131107,0.0,0.0,1.0,0.0
20131108,0.0,0.0,1.0,0.0
20131111,0.0,0.0,1.0,0.0
20131112,0.0,0.0,1.0,0.0
20131113,0.0,0.0,1.0,0.0
20131114,0.0,0.0,1.0,0.0
20131115,0.0,0.0,1.0,0.0
20131118,0.0,0.0,1.0,0.0
20131119,0.0,0.0,1.0,0.0
20131120,0.0,0.0,1.0,0.0
20131121,0.0,0.0,1.0,0.0
20131122,0.0,0.0,1.0,0.0
20131125,0.0,0.0,1.0,0.0
20131126,0.0,0.0,1.0,0.0
20131127,0.0,0.0,1.0,0.0
20131129,0.0,0.0,1.0,0.0
20131202,0.0,0.0,1.0,0.0
20131203,0.0,0.0,1.0,0.0
20131204,0.0,0.0,1.0,0.0
20131205,0.0,0.0,1.0,0.0
20131206,0.0,0.0,1.0,0.0
20131209,0.0,0.0,1.0,0.0
20131210,0.0,0.0,1.0,0.0
20131211,0.0,0.0,1.0,0.0
20131212,0.0,0.0,1.0,0.0
20131213,0.0,0.0,1.0,0.0
20131216,0.0,0.0,1.0,0.0
20131217,0.0,0.0,1.0,0.0
20131218,0.0,0.0,1.0,0.0
20131219,0.0,0.0,1.0,0.0
20131220,0.0,0.0,1.0,0.0
20131223,0.0,0.0,1.0,0.0
20131224,0.0,0.0,1.0,0.0
20131226,0.0,0.0,1.0,0.0
20131227,0.0,0.0,1.0,0.0
20131230,0.0,0.0,1.0,0.0
20131231,0.0,0.0,1.0,0.0
20140102,0.0,0.0,1.0,0.0
20140103,0.0,0.0,1.0,0.0
20140106,0.0,0.0,1.0,0.0
20140107,0.0,0.0,1.0,0.0
20140108,0.0,0.0,1.0,0.0
20140109,0.0,0.0,1.0,0.0
20140110,0.0,0.0,1.0,0.0
20140113,0.0,0.0,1.0,0.0
20140114,0.0,0.0,1.0,0.0
20140115,0.0,0.0,1.0,0.0
20140116,0.0,0.0,1.0,0.0
20140117,0.0,0.0,1.0,0.0
20140121,0.0,0.0,1.0,0.0
20140122,0.0,0.0,1.0,0.0
20140123,0.0,0.0,1.0,0.0
20140124,0.0,0.0,1.0,0.0
20140127,0.0,0.0,1.0,0.0
20140128,0.0,0.0,1.0,0.0
20140129,0.0,0.0,1.0,0.0
20140130,0.0,0.0,1.0,0.0
20140131,0.0,0.0,1.0,0.0
20140203,0.0,0.0,1.0,0.0
20140204,0.0,0.0,1.0,0.0
20140205,0.0,0.0,1.0,0.0
20140206,0.0,0.0,1.0,0.0
20140207,0.0,0.0,1.0,0.0
20140210,0.0,0.0,1.0,0.0
20140211,0.0,0.0,1.0,0.0
20140212,0.0,0.0,1.0,0.0
20140213,0.0,0.0,1.0,0.0
20140214,0.0,0.0,1.0,0.0
20140218,0.0,0.0,1.0,0.0
20140219,0.0,0.0,1.0,0.0
20140220,0.0,0.0,1.0,0.0
20140221,0.0,0.0,1.0,0.0
20140224,0.0,0.0,1.0,0.0
20140225,0.0,0.0,1.0,0.0
20140226,0.0,0.0,1.0,0.0
20140227,0.0,0.0,1.0,0.0
20140228,0.0,0.0,1.0,0.0
20140303,0.0,0.0,1.0,0.0
20140304,0.0,0.0,1.0,0.0
20140305,0.0,0.0,1.0,0.0
20140306,0.0,0.0,1.0,0.0
20140307,0.0,0.0,1.0,0.0
20140310,0.0,0.0,1.0,0.0
20140311,0.0,0.0,1.0,0.0
20140312,0.0,0.0,1.0,0.0
20140313,0.0,0.0,1.0,0.0
20140314,0.0,0.0,1.0,0.0
20140317,0.0,0.0,1.0,0.0
20140318,0.0,0.0,1.0,0.0
20140319,0.0,0.0,1.0,0.0
20140320,0.0,0.0,1.0,0.0
20140321,0.0,0.0,1.0,0.0
20140324,0.0,0.0,1.0,0.0
20140325,0.0,0.0,1.0,0.0
20140326,0.0,0.0,1.0,0.0
20140327,0.0,0.0,1.0,0.0
20140328,0.0,0.0,1.0,0.0
20140331,0.0,0.0,1.0,0.0
20140401,0.0,0.0,1.0,0.0
20140402,0.0,0.0,1.0,0.0
20140403,0.0,0.0,1.0,0.0
20140404,0.0,0.0,1.0,0.0
20140407,0.0,0.0,1.0,0.0
20140408,0.0,0.0,1.0,0.0
20140409,0.0,0.0,1.0,0.0
20140410,0.0,0.0,1.0,0.0
20140411,0.0,0.0,1.0,0.0
20140414,0.0,0.0,1.0,0.0
20140415,0.0,0.0,1.0,0.0
20140416,0.0,0.0,1.0,0.0
20140417,0.0,0.0,1.0,0.0
20140421,0.0,0.0,1.0,0.0
20140422,0.0,0.0,1.0,0.0
20140423,0.0,0.0,1.0,0.0
20140424,0.0,0.0,1.0,0.0
20140425,0.0,0.0,1.0,0.0
20140428,0.0,0.0,1.0,0.0
20140429,0.0,0.0,1.0,0.0
20140430,0.0,0.0,1.0,0.0
20140501,0.0,0.0,1.0,0.0
20140502,0.0,0.0,1.0,0.0
20140505,0.0,0.0,1.0,0.0
20140506,0.0,0.0,1.0,0.0
20140507,0.0,0.0,1.0,0.0
20140508,0.0,0.0,1.0,0.0
20140509,0.0,0.0,1.0,0.0
20140512,0.0,0.0,1.0,0.0
20140513,0.0,0.0,1.0,0.0
20140514,0.0,0.0,1.0,0.0
20140515,0.0,0.0,1.0,0.0
20140516,0.0,0.0,1.0,0.0
20140519,0.0,0.0,1.0,0.0
20140520,0.0,0.0,1.0,0.0
20140521,0.0,0.0,1.0,0.0
20140522,0.0,0.0,1.0,0.0
20140523,0.0,0.0,1.0,0.0
20140527,0.0,0.0,1.0,0.0
20140528,0.0,0.0,1.0,0.0
20140529,0.0,0.0,1.0,0.0
20140530,0.0,0.0,1.0,0.0
20140602,0.0,0.0,1.0,0.0
20140603,0.0,0.0,1.0,0.0
20140604,0.0,0.0,1.0,0.0
20140605,0.0,0.0,1.0,0.0
20140606,0.0,0.0,1.0,0.0
20140609,0.0,0.0,1.0,0.0
20140610,0.0,0.0,1.0,0.0
20140611,0.0,0.0,1.0,0.0
20140612,0.0,0.0,1.0,0.0
20140613,0.0,0.0,1.0,0.0
20140616,0.0,0.0,1.0,0.0
20140617,0.0,0.0,1.0,0.0
20140618,0.0,0.0,1.0,0.0
20140619,0.0,0.0,1.0,0.0
20140620,0.0,0.0,1.0,0.0
20140623,0.0,0.0,1.0,0.0
20140624,0.0,0.0,1.0,0.0
20140625,0.0,0.0,1.0,0.0
20140626,0.0,0.0,1.0,0.0
20140627,0.0,0.0,1.0,0.0
20140630,0.0,0.0,1.0,0.0
20140701,0.0,0.0,1.0,0.0
20140702,0.0,0.0,1.0,0.0
20140703,0.0,0.0,1.0,0.0
20140707,0.0,0.0,1.0,0.0
20140708,0.0,0.0,1.0,0.0
20140709,0.0,0.0,1.0,0.0
20140710,0.0,0.0,1.0,0.0
20140711,0.0,0.0,1.0,0.0
20140714,0.0,0.0,1.0,0.0
20140715,0.0,0.0,1.0,0.0
20140716,0.0,0.0,1.0,0.0
20140717,0.0,0.0,1.0,0.0
20140718,0.0,0.0,1.0,0.0
20140721,0.0,0.0,1.0,0.0
20140722,0.0,0.0,1.0,0.0
20140723,0.0,0.0,1.0,0.0
20140724,0.0,0.0,1.0,0.0
20140725,0.0,0.0,1.0,0.0
20140728,0.0,0.0,1.0,0.0
20140729,0.0,0.0,1.0,0.0
20140730,0.0,0.0,1.0,0.0
20140731,0.0,0.0,1.0,0.0
20140801,0.0,0.0,0.0,1.0
20140804,0.0,0.0,0.0,1.0
20140805,0.0,0.0,0.0,1.0
20140806,0.0,0.0,0.0,1.0
20140807,0.0,0.0,0.0,1.0
20140808,0.0,0.0,0.0,1.0
20140811,0.0,0.0,0.0,1.0
20140812,0.0,0.0,0.0,1.0
20140813,0.0,0.0,0.0,1.0
20140814,0.0,0.0,0.0,1.0
20140815,0.0,0.0,0.0,1.0
20140818,0.0,0.0,0.0,1.0
20140819,0.0,0.0,0.0,1.0
20140820,0.0,0.0,0.0,1.0
20140821,0.0,0.0,0.0,1.0
20140822,0.0,0.0,0.0,1.0
20140825,0.0,0.0,0.0,1.0
20140826,0.0,0.0,0.0,1.0
20140827,0.0,0.0,0.0,1.0
20140828,0.0,0.0,0.0,1.0
20140829,0.0,0.0,0.0,1.0
20140902,0.0,0.0,0.0,1.0
20140903,0.0,0.0,0.0,1.0
20140904,0.0,0.0,0.0,1.0
20140905,0.0,0.0,0.0,1.0
20140908,0.0,0.0,0.0,1.0
20140909,0.0,0.0,0.0,1.0
20140910,0.0,0.0,0.0,1.0
20140911,0.0,0.0,0.0,1.0
20140912,0.0,0.0,0.0,1.0
20140915,0.0,0.0,0.0,1.0
20140916,0.0,0.0,0.0,1.0
20140917,0.0,0.0,0.0,1.0
20140918,0.0,0.0,0.0,1.0
20140919,0.0,0.0,0.0,1.0
20140922,0.0,0.0,0.0,1.0
20140923,0.0,0.0,0.0,1.0
20140924,0.0,0.0,0.0,1.0
20140925,0.0,0.0,0.0,1.0
20140926,0.0,0.0,0.0,1.0
20140929,0.0,0.0,0.0,1.0
20140930,0.0,0.0,0.0,1.0
20141001,0.0,0.0,0.0,1.0
20141002,0.0,0.0,0.0,1.0
20141003,0.0,0.0,0.0,1.0
20141006,0.0,0.0,0.0,1.0
20141007,0.0,0.0,0.0,1.0
20141008,0.0,0.0,0.0,1.0
20141009,0.0,0.0,0.0,1.0
20141010,0.0,0.0,0.0,1.0
20141013,0.0,0.0,0.0,1.0
20141014,0.0,0.0,0.0,1.0
20141015,0.0,0.0,0.0,1.0
20141016,0.0,0.0,0.0,1.0
20141017,0.0,0.0,0.0,1.0
20141020,0.0,0.0,0.0,1.0
20141021,0.0,0.0,0.0,1.0
20141022,0.0,0.0,0.0,1.0
20141023,0.0,0.0,0.0,1.0
20141024,0.0,0.0,0.0,1.0
20141027,0.0,0.0,0.0,1.0
20141028,0.0,0.0,0.0,1.0
20141029,0.0,0.0,0.0,1.0
20141030,0.0,0.0,0.0,1.0
20141031,0.0,0.0,0.0,1.0
20141103,0.0,0.0,0.0,1.0
20141104,0.0,0.0,0.0,1.0
20141105,0.0,0.0,0.0,1.0
20141106,0.0,0.0,0.0,1.0
20141107,0.0,0.0,0.0,1.0
20141110,0.0,0.0,0.0,1.0
20141111,0.0,0.0,0.0,1.0
20141112,0.0,0.0,0.0,1.0
20141113,0.0,0.0,0.0,1.0
20141114,0.0,0.0,0.0,1.0
20141117,0.0,0.0,0.0,1.0
20141118,0.0,0.0,0.0,1.0
20141119,0.0,0.0,0.0,1.0
20141120,0.0,0.0,0.0,1.0
20141121,0.0,0.0,0.0,1.0
20141124,0.0,0.0,0.0,1.0
20141125,0.0,0.0,0.0,1.0
20141126,0.0,0.0,0.0,1.0
20141128,0.0,0.0,0.0,1.0
20141201,0.0,1.0,0.0,0.0
20141202,0.0,1.0,0.0,0.0
20141203,0.0,1.0,0.0,0.0
20141204,0.0,1.0,0.0,0.0
20141205,0.0,1.0,0.0,0.0
20141208,0.0,1.0,0.0,0.0
20141209,0.0,1.0,0.0,0.0
20141210,0.0,1.0,0.0,0.0
20141211,0.0,1.0,0.0,0.0
20141212,0.0,1.0,0.0,0.0
20141215,0.0,1.0,0.0,0.0
20141216,0.0,1.0,0.0,0.0
20141217,0.0,1.0,0.0,0.0
20141218,0.0,1.0,0.0,0.0
20141219,0.0,1.0,0.0,0.0
20141222,0.0,1.0,0.0,0.0
20141223,0.0,1.0,0.0,0.0
20141224,0.0,1.0,0.0,0.0
20141226,0.0,1.0,0.0,0.0
20141229,0.0,1.0,0.0,0.0
20141230,0.0,1.0,0.0,0.0
20141231,0.0,1.0,0.0,0.0
20150102,0.0,1.0,0.0,0.0
20150105,0.0,1.0,0.0,0.0
20150106,0.0,1.0,0.0,0.0
20150107,0.0,1.0,0.0,0.0
20150108,0.0,1.0,0.0,0.0
20150109,0.0,1.0,0.0,0.0
20150112,0.0,1.0,0.0,0.0
20150113,0.0,1.0,0.0,0.0
20150114,0.0,1.0,0.0,0.0
20150115,0.0,1.0,0.0,0.0
20150116,0.0,1.0,0.0,0.0
20150120,0.0,1.0,0.0,0.0
20150121,0.0,1.0,0.0,0.0
20150122,0.0,1.0,0.0,0.0
20150123,0.0,1.0,0.0,0.0
20150126,0.0,1.0,0.0,0.0
20150127,0.0,1.0,0.0,0.0
20150128,0.0,1.0,0.0,0.0
20150129,0.0,1.0,0.0,0.0
20150130,0.0,1.0,0.0,0.0
20150202,0.0,1.0,0.0,0.0
20150203,0.0,1.0,0.0,0.0
20150204,0.0,1.0,0.0,0.0
20150205,0.0,1.0,0.0,0.0
20150206,0.0,1.0,0.0,0.0
20150209,0.0,1.0,0.0,0.0
20150210,0.0,1.0,0.0,0.0
20150211,0.0,1.0,0.0,0.0
20150212,0.0,1.0,0.0,0.0
20150213,0.0,1.0,0.0,0.0
20150217,0.0,1.0,0.0,0.0
20150218,0.0,1.0,0.0,0.0
20150219,0.0,1.0,0.0,0.0
20150220,0.0,1.0,0.0,0.0
20150223,0.0,1.0,0.0,0.0
20150224,0.0,1.0,0.0,0.0
20150225,0.0,1.0,0.0,0.0
20150226,0.0,1.0,0.0,0.0
20150227,0.0,1.0,0.0,0.0
20150302,0.0,1.0,0.0,0.0
20150303,0.0,1.0,0.0,0.0
20150304,0.0,1.0,0.0,0.0
20150305,0.0,1.0,0.0,0.0
20150306,0.0,1.0,0.0,0.0
20150309,0.0,1.0,0.0,0.0
20150310,0.0,1.0,0.0,0.0
20150311,0.0,1.0,0.0,0.0
20150312,0.0,1.0,0.0,0.0
20150313,0.0,1.0,0.0,0.0
20150316,0.0,1.0,0.0,0.0
20150317,0.0,1.0,0.0,0.0
20150318,0.0,1.0,0.0,0.0
20150319,0.0,1.0,0.0,0.0
20150320,0.0,1.0,0.0,0.0
20150323,0.0,1.0,0.0,0.0
20150324,0.0,1.0,0.0,0.0
20150325,0.0,1.0,0.0,0.0
20150326,0.0,1.0,0.0,0.0
20150327,0.0,1.0,0.0,0.0
20150330,0.0,1.0,0.0,0.0
20150331,0.0,1.0,0.0,0.0
20150401,0.0,0.0,1.0,0.0
20150402,0.0,0.0,1.0,0.0
20150406,0.0,0.0,1.0,0.0
20150407,0.0,0.0,1.0,0.0
20150408,0.0,0.0,1.0,0.0
20150409,0.0,0.0,1.0,0.0
20150410,0.0,0.0,1.0,0.0
20150413,0.0,0.0,1.0,0.0
20150414,0.0,0.0,1.0,0.0
20150415,0.0,0.0,1.0,0.0
20150416,0.0,0.0,1.0,0.0
20150417,0.0,0.0,1.0,0.0
20150420,0.0,0.0,1.0,0.0
20150421,0.0,0.0,1.0,0.0
20150422,0.0,0.0,1.0,0.0
20150423,0.0,0.0,1.0,0.0
20150424,0.0,0.0,1.0,0.0
20150427,0.0,0.0,1.0,0.0
20150428,0.0,0.0,1.0,0.0
20150429,0.0,0.0,1.0,0.0
20150430,0.0,0.0,1.0,0.0
20150501,0.0,0.0,1.0,0.0
20150504,0.0,0.0,1.0,0.0
20150505,0.0,0.0,1.0,0.0
20150506,0.0,0.0,1.0,0.0
20150507,0.0,0.0,1.0,0.0
20150508,0.0,0.0,1.0,0.0
20150511,0.0,0.0,1.0,0.0
20150512,0.0,0.0,1.0,0.0
20150513,0.0,0.0,1.0,0.0
20150514,0.0,0.0,1.0,0.0
20150515,0.0,0.0,1.0,0.0
20150518,0.0,0.0,1.0,0.0
20150519,0.0,0.0,1.0,0.0
20150520,0.0,0.0,1.0,0.0
20150521,0.0,0.0,1.0,0.0
20150522,0.0,0.0,1.0,0.0
20150526,0.0,0.0,1.0,0.0
20150527,0.0,0.0,1.0,0.0
20150528,0.0,0.0,1.0,0.0
20150529,0.0,0.0,1.0,0.0
20150601,0.0,0.0,1.0,0.0
20150602,0.0,0.0,1.0,0.0
20150603,0.0,0.0,1.0,0.0
20150604,0.0,0.0,1.0,0.0
20150605,0.0,0.0,1.0,0.0
20150608,0.0,0.0,1.0,0.0
20150609,0.0,0.0,1.0,0.0
20150610,0.0,0.0,1.0,0.0
20150611,0.0,0.0,1.0,0.0
20150612,0.0,0.0,1.0,0.0
20150615,0.0,0.0,1.0,0.0
20150616,0.0,0.0,1.0,0.0
20150617,0.0,0.0,1.0,0.0
20150618,0.0,0.0,1.0,0.0
20150619,0.0,0.0,1.0,0.0
20150622,0.0,0.0,1.0,0.0
20150623,0.0,0.0,1.0,0.0
20150624,0.0,0.0,1.0,0.0
20150625,0.0,0.0,1.0,0.0
20150626,0.0,0.0,1.0,0.0
20150629,0.0,0.0,1.0,0.0
20150630,0.0,0.0,1.0,0.0
20150701,0.0,0.0,1.0,0.0
20150702,0.0,0.0,1.0,0.0
20150706,0.0,0.0,1.0,0.0
20150707,0.0,0.0,1.0,0.0
20150708,0.0,0.0,1.0,0.0
20150709,0.0,0.0,1.0,0.0
20150710,0.0,0.0,1.0,0.0
20150713,0.0,0.0,1.0,0.0
20150714,0.0,0.0,1.0,0.0
20150715,0.0,0.0,1.0,0.0
20150716,0.0,0.0,1.0,0.0
20150717,0.0,0.0,1.0,0.0
20150720,0.0,0.0,1.0,0.0
20150721,0.0,0.0,1.0,0.0
20150722,0.0,0.0,1.0,0.0
20150723,0.0,0.0,1.0,0.0
20150724,0.0,0.0,1.0,0.0
20150727,0.0,0.0,1.0,0.0
20150728,0.0,0.0,1.0,0.0
20150729,0.0,0.0,1.0,0.0
20150730,0.0,0.0,1.0,0.0
20150731,0.0,0.0,1.0,0.0
20150803,0.0,0.0,1.0,0.0
20150804,0.0,0.0,1.0,0.0
20150805,0.0,0.0,1.0,0.0
20150806,0.0,0.0,1.0,0.0
20150807,0.0,0.0,1.0,0.0
20150810,0.0,0.0,1.0,0.0
20150811,0.0,0.0,1.0,0.0
20150812,0.0,0.0,1.0,0.0
20150813,0.0,0.0,1.0,0.0
20150814,0.0,0.0,1.0,0.0
20150817,0.0,0.0,1.0,0.0
20150818,0.0,0.0,1.0,0.0
20150819,0.0,0.0,1.0,0.0
20150820,0.0,0.0,1.0,0.0
20150821,0.0,0.0,1.0,0.0
20150824,0.0,0.0,1.0,0.0
20150825,0.0,0.0,1.0,0.0
20150826,0.0,0.0,1.0,0.0
20150827,0.0,0.0,1.0,0.0
20150828,0.0,0.0,1.0,0.0
20150831,0.0,0.0,1.0,0.0
20150901,0.0,0.0,0.0,1.0
20150902,0.0,0.0,0.0,1.0
20150903,0.0,0.0,0.0,1.0
20150904,0.0,0.0,0.0,1.0
20150908,0.0,0.0,0.0,1.0
20150909,0.0,0.0,0.0,1.0
20150910,0.0,0.0,0.0,1.0
20150911,0.0,0.0,0.0,1.0
20150914,0.0,0.0,0.0,1.0
20150915,0.0,0.0,0.0,1.0
20150916,0.0,0.0,0.0,1.0
20150917,0.0,0.0,0.0,1.0
20150918,0.0,0.0,0.0,1.0
20150921,0.0,0.0,0.0,1.0
20150922,0.0,0.0,0.0,1.0
20150923,0.0,0.0,0.0,1.0
20150924,0.0,0.0,0.0,1.0
20150925,0.0,0.0,0.0,1.0
20150928,0.0,0.0,0.0,1.0
20150929,0.0,0.0,0.0,1.0
20150930,0.0,0.0,0.0,1.0
20151001,0.0,0.0,1.0,0.0
20151002,0.0,0.0,1.0,0.0
20151005,0.0,0.0,1.0,0.0
20151006,0.0,0.0,1.0,0.0
20151007,0.0,0.0,1.0,0.0
20151008,0.0,0.0,1.0,0.0
20151009,0.0,0.0,1.0,0.0
20151012,0.0,0.0,1.0,0.0
20151013,0.0,0.0,1.0,0.0
20151014,0.0,0.0,1.0,0.0
20151015,0.0,0.0,1.0,0.0
20151016,0.0,0.0,1.0,0.0
20151019,0.0,0.0,1.0,0.0
20151020,0.0,0.0,1.0,0.0
20151021,0.0,0.0,1.0,0.0
20151022,0.0,0.0,1.0,0.0
20151023,0.0,0.0,1.0,0.0
20151026,0.0,0.0,1.0,0.0
20151027,0.0,0.0,1.0,0.0
20151028,0.0,0.0,1.0,0.0
20151029,0.0,0.0,1.0,0.0
20151030,0.0,0.0,1.0,0.0
20151102,0.0,0.0,1.0,0.0
20151103,0.0,0.0,1.0,0.0
20151104,0.0,0.0,1.0,0.0
20151105,0.0,0.0,1.0,0.0
20151106,0.0,0.0,1.0,0.0
20151109,0.0,0.0,1.0,0.0
20151110,0.0,0.0,1.0,0.0
20151111,0.0,0.0,1.0,0.0
20151112,0.0,0.0,1.0,0.0
20151113,0.0,0.0,1.0,0.0
20151116,0.0,0.0,1.0,0.0
20151117,0.0,0.0,1.0,0.0
20151118,0.0,0.0,1.0,0.0
20151119,0.0,0.0,1.0,0.0
20151120,0.0,0.0,1.0,0.0
20151123,0.0,0.0,1.0,0.0
20151124,0.0,0.0,1.0,0.0
20151125,0.0,0.0,1.0,0.0
20151127,0.0,0.0,1.0,0.0
20151130,0.0,0.0,1.0,0.0
20151201,0.0,0.0,0.0,1.0
20151202,0.0,0.0,0.0,1.0
20151203,0.0,0.0,0.0,1.0
20151204,0.0,0.0,0.0,1.0
20151207,0.0,0.0,0.0,1.0
20151208,0.0,0.0,0.0,1.0
20151209,0.0,0.0,0.0,1.0
20151210,0.0,0.0,0.0,1.0
20151211,0.0,0.0,0.0,1.0
20151214,0.0,0.0,0.0,1.0
20151215,0.0,0.0,0.0,1.0
20151216,0.0,0.0,0.0,1.0
20151217,0.0,0.0,0.0,1.0
20151218,0.0,0.0,0.0,1.0
20151221,0.0,0.0,0.0,1.0
20151222,0.0,0.0,0.0,1.0
20151223,0.0,0.0,0.0,1.0
20151224,0.0,0.0,0.0,1.0
20151228,0.0,0.0,0.0,1.0
20151229,0.0,0.0,0.0,1.0
20151230,0.0,0.0,0.0,1.0
20151231,0.0,0.0,0.0,1.0
20160104,0.0,0.0,0.0,1.0
20160105,0.0,0.0,0.0,1.0
20160106,0.0,0.0,0.0,1.0
20160107,0.0,0.0,0.0,1.0
20160108,0.0,0.0,0.0,1.0
20160111,0.0,0.0,0.0,1.0
20160112,0.0,0.0,0.0,1.0
20160113,0.0,0.0,0.0,1.0
20160114,0.0,0.0,0.0,1.0
20160115,0.0,0.0,0.0,1.0
20160119,0.0,0.0,0.0,1.0
20160120,0.0,0.0,0.0,1.0
20160121,0.0,0.0,0.0,1.0
20160122,0.0,0.0,0.0,1.0
20160125,0.0,0.0,0.0,1.0
20160126,0.0,0.0,0.0,1.0
20160127,0.0,0.0,0.0,1.0
20160128,0.0,0.0,0.0,1.0
20160129,0.0,0.0,0.0,1.0
20160201,0.0,0.0,0.0,1.0
20160202,0.0,0.0,0.0,1.0
20160203,0.0,0.0,0.0,1.0
20160204,0.0,0.0,0.0,1.0
20160205,0.0,0.0,0.0,1.0
20160208,0.0,0.0,0.0,1.0
20160209,0.0,0.0,0.0,1.0
20160210,0.0,0.0,0.0,1.0
20160211,0.0,0.0,0.0,1.0
20160212,0.0,0.0,0.0,1.0
20160216,0.0,0.0,0.0,1.0
20160217,0.0,0.0,0.0,1.0
20160218,0.0,0.0,0.0,1.0
20160219,0.0,0.0,0.0,1.0
20160222,0.0,0.0,0.0,1.0
20160223,0.0,0.0,0.0,1.0
20160224,0.0,0.0,0.0,1.0
20160225,0.0,0.0,0.0,1.0
20160226,0.0,0.0,0.0,1.0
20160229,0.0,0.0,0.0,1.0
20160301,0.0,0.0,1.0,0.0
20160302,0.0,0.0,1.0,0.0
20160303,0.0,0.0,1.0,0.0
20160304,0.0,0.0,1.0,0.0
20160307,0.0,0.0,1.0,0.0
20160308,0.0,0.0,1.0,0.0
20160309,0.0,0.0,1.0,0.0
20160310,0.0,0.0,1.0,0.0
20160311,0.0,0.0,1.0,0.0
20160314,0.0,0.0,1.0,0.0
20160315,0.0,0.0,1.0,0.0
20160316,0.0,0.0,1.0,0.0
20160317,0.0,0.0,1.0,0.0
20160318,0.0,0.0,1.0,0.0
20160321,0.0,0.0,1.0,0.0
20160322,0.0,0.0,1.0,0.0
20160323,0.0,0.0,1.0,0.0
20160324,0.0,0.0,1.0,0.0
20160328,0.0,0.0,1.0,0.0
20160329,0.0,0.0,1.0,0.0
20160330,0.0,0.0,1.0,0.0
20160331,0.0,0.0,1.0,0.0
20160401,1.0,0.0,0.0,0.0
20160404,1.0,0.0,0.0,0.0
20160405,1.0,0.0,0.0,0.0
20160406,1.0,0.0,0.0,0.0
20160407,1.0,0.0,0.0,0.0
20160408,1.0,0.0,0.0,0.0
20160411,1.0,0.0,0.0,0.0
20160412,1.0,0.0,0.0,0.0
20160413,1.0,0.0,0.0,0.0
20160414,1.0,0.0,0.0,0.0
20160415,1.0,0.0,0.0,0.0
20160418,1.0,0.0,0.0,0.0
20160419,1.0,0.0,0.0,0.0
20160420,1.0,0.0,0.0,0.0
20160421,1.0,0.0,0.0,0.0
20160422,1.0,0.0,0.0,0.0
20160425,1.0,0.0,0.0,0.0
20160426,1.0,0.0,0.0,0.0
20160427,1.0,0.0,0.0,0.0
20160428,1.0,0.0,0.0,0.0
20160429,1.0,0.0,0.0,0.0
20160502,1.0,0.0,0.0,0.0
20160503,1.0,0.0,0.0,0.0
20160504,1.0,0.0,0.0,0.0
20160505,1.0,0.0,0.0,0.0
20160506,1.0,0.0,0.0,0.0
20160509,1.0,0.0,0.0,0.0
20160510,1.0,0.0,0.0,0.0
20160511,1.0,0.0,0.0,0.0
20160512,1.0,0.0,0.0,0.0
20160513,1.0,0.0,0.0,0.0
20160516,1.0,0.0,0.0,0.0
20160517,1.0,0.0,0.0,0.0
20160518,1.0,0.0,0.0,0.0
20160519,1.0,0.0,0.0,0.0
20160520,1.0,0.0,0.0,0.0
20160523,1.0,0.0,0.0,0.0
20160524,1.0,0.0,0.0,0.0
20160525,1.0,0.0,0.0,0.0
20160526,1.0,0.0,0.0,0.0
20160527,1.0,0.0,0.0,0.0
20160531,1.0,0.0,0.0,0.0
20160601,1.0,0.0,0.0,0.0
20160602,1.0,0.0,0.0,0.0
20160603,1.0,0.0,0.0,0.0
20160606,1.0,0.0,0.0,0.0
20160607,1.0,0.0,0.0,0.0
20160608,1.0,0.0,0.0,0.0
20160609,1.0,0.0,0.0,0.0
20160610,1.0,0.0,0.0,0.0
20160613,1.0,0.0,0.0,0.0
20160614,1.0,0.0,0.0,0.0
20160615,1.0,0.0,0.0,0.0
20160616,1.0,0.0,0.0,0.0
20160617,1.0,0.0,0.0,0.0
20160620,1.0,0.0,0.0,0.0
20160621,1.0,0.0,0.0,0.0
20160622,1.0,0.0,0.0,0.0
20160623,1.0,0.0,0.0,0.0
20160624,1.0,0.0,0.0,0.0
20160627,1.0,0.0,0.0,0.0
20160628,1.0,0.0,0.0,0.0
20160629,1.0,0.0,0.0,0.0
20160630,1.0,0.0,0.0,0.0
20160701,0.0,1.0,0.0,0.0
20160705,0.0,1.0,0.0,0.0
20160706,0.0,1.0,0.0,0.0
20160707,0.0,1.0,0.0,0.0
20160708,0.0,1.0,0.0,0.0
20160711,0.0,1.0,0.0,0.0
20160712,0.0,1.0,0.0,0.0
20160713,0.0,1.0,0.0,0.0
20160714,0.0,1.0,0.0,0.0
20160715,0.0,1.0,0.0,0.0
20160718,0.0,1.0,0.0,0.0
20160719,0.0,1.0,0.0,0.0
20160720,0.0,1.0,0.0,0.0
20160721,0.0,1.0,0.0,0.0
20160722,0.0,1.0,0.0,0.0
20160725,0.0,1.0,0.0,0.0
20160726,0.0,1.0,0.0,0.0
20160727,0.0,1.0,0.0,0.0
20160728,0.0,1.0,0.0,0.0
20160729,0.0,1.0,0.0,0.0
20160801,1.0,0.0,0.0,0.0
20160802,1.0,0.0,0.0,0.0
20160803,1.0,0.0,0.0,0.0
20160804,1.0,0.0,0.0,0.0
20160805,1.0,0.0,0.0,0.0
20160808,1.0,0.0,0.0,0.0
20160809,1.0,0.0,0.0,0.0
20160810,1.0,0.0,0.0,0.0
20160811,1.0,0.0,0.0,0.0
20160812,1.0,0.0,0.0,0.0
20160815,1.0,0.0,0.0,0.0
20160816,1.0,0.0,0.0,0.0
20160817,1.0,0.0,0.0,0.0
20160818,1.0,0.0,0.0,0.0
20160819,1.0,0.0,0.0,0.0
20160822,1.0,0.0,0.0,0.0
20160823,1.0,0.0,0.0,0.0
20160824,1.0,0.0,0.0,0.0
20160825,1.0,0.0,0.0,0.0
20160826,1.0,0.0,0.0,0.0
20160829,1.0,0.0,0.0,0.0
20160830,1.0,0.0,0.0,0.0
20160831,1.0,0.0,0.0,0.0
20160901,1.0,0.0,0.0,0.0
20160902,1.0,0.0,0.0,0.0
20160906,1.0,0.0,0.0,0.0
20160907,1.0,0.0,0.0,0.0
20160908,1.0,0.0,0.0,0.0
20160909,1.0,0.0,0.0,0.0
20160912,1.0,0.0,0.0,0.0
20160913,1.0,0.0,0.0,0.0
20160914,1.0,0.0,0.0,0.0
20160915,1.0,0.0,0.0,0.0
20160916,1.0,0.0,0.0,0.0
20160919,1.0,0.0,0.0,0.0
20160920,1.0,0.0,0.0,0.0
20160921,1.0,0.0,0.0,0.0
20160922,1.0,0.0,0.0,0.0
20160923,1.0,0.0,0.0,0.0
20160926,1.0,0.0,0.0,0.0
20160927,1.0,0.0,0.0,0.0
20160928,1.0,0.0,0.0,0.0
20160929,1.0,0.0,0.0,0.0
20160930,1.0,0.0,0.0,0.0
20161003,1.0,0.0,0.0,0.0
20161004,1.0,0.0,0.0,0.0
20161005,1.0,0.0,0.0,0.0
20161006,1.0,0.0,0.0,0.0
20161007,1.0,0.0,0.0,0.0
20161010,1.0,0.0,0.0,0.0
20161011,1.0,0.0,0.0,0.0
20161012,1.0,0.0,0.0,0.0
20161013,1.0,0.0,0.0,0.0
20161014,1.0,0.0,0.0,0.0
20161017,1.0,0.0,0.0,0.0
20161018,1.0,0.0,0.0,0.0
20161019,1.0,0.0,0.0,0.0
20161020,1.0,0.0,0.0,0.0
20161021,1.0,0.0,0.0,0.0
20161024,1.0,0.0,0.0,0.0
20161025,1.0,0.0,0.0,0.0
20161026,1.0,0.0,0.0,0.0
20161027,1.0,0.0,0.0,0.0
20161028,1.0,0.0,0.0,0.0
20161031,1.0,0.0,0.0,0.0
20161101,1.0,0.0,0.0,0.0
20161102,1.0,0.0,0.0,0.0
20161103,1.0,0.0,0.0,0.0
20161104,1.0,0.0,0.0,0.0
20161107,1.0,0.0,0.0,0.0
20161108,1.0,0.0,0.0,0.0
20161109,1.0,0.0,0.0,0.0
20161110,1.0,0.0,0.0,0.0
20161111,1.0,0.0,0.0,0.0
20161114,1.0,0.0,0.0,0.0
20161115,1.0,0.0,0.0,0.0
20161116,1.0,0.0,0.0,0.0
20161117,1.0,0.0,0.0,0.0
20161118,1.0,0.0,0.0,0.0
20161121,1.0,0.0,0.0,0.0
20161122,1.0,0.0,0.0,0.0
20161123,1.0,0.0,0.0,0.0
20161125,1.0,0.0,0.0,0.0
20161128,1.0,0.0,0.0,0.0
20161129,1.0,0.0,0.0,0.0
20161130,1.0,0.0,0.0,0.0
20161201,1.0,0.0,0.0,0.0
20161202,1.0,0.0,0.0,0.0
20161205,1.0,0.0,0.0,0.0
20161206,1.0,0.0,0.0,0.0
20161207,1.0,0.0,0.0,0.0
20161208,1.0,0.0,0.0,0.0
20161209,1.0,0.0,0.0,0.0
20161212,1.0,0.0,0.0,0.0
20161213,1.0,0.0,0.0,0.0
20161214,1.0,0.0,0.0,0.0
20161215,1.0,0.0,0.0,0.0
20161216,1.0,0.0,0.0,0.0
20161219,1.0,0.0,0.0,0.0
20161220,1.0,0.0,0.0,0.0
20161221,1.0,0.0,0.0,0.0
20161222,1.0,0.0,0.0,0.0
20161223,1.0,0.0,0.0,0.0
20161227,1.0,0.0,0.0,0.0
20161228,1.0,0.0,0.0,0.0
20161229,1.0,0.0,0.0,0.0
20161230,1.0,0.0,0.0,0.0
20170103,1.0,0.0,0.0,0.0
20170104,1.0,0.0,0.0,0.0
20170105,1.0,0.0,0.0,0.0
20170106,1.0,0.0,0.0,0.0
20170109,1.0,0.0,0.0,0.0
20170110,1.0,0.0,0.0,0.0
20170111,1.0,0.0,0.0,0.0
20170112,1.0,0.0,0.0,0.0
20170113,1.0,0.0,0.0,0.0
20170117,1.0,0.0,0.0,0.0
20170118,1.0,0.0,0.0,0.0
20170119,1.0,0.0,0.0,0.0
20170120,1.0,0.0,0.0,0.0
20170123,1.0,0.0,0.0,0.0
20170124,1.0,0.0,0.0,0.0
20170125,1.0,0.0,0.0,0.0
20170126,1.0,0.0,0.0,0.0
20170127,1.0,0.0,0.0,0.0
20170130,1.0,0.0,0.0,0.0
20170131,1.0,0.0,0.0,0.0
20170201,1.0,0.0,0.0,0.0
20170202,1.0,0.0,0.0,0.0
20170203,1.0,0.0,0.0,0.0
20170206,1.0,0.0,0.0,0.0
20170207,1.0,0.0,0.0,0.0
20170208,1.0,0.0,0.0,0.0
20170209,1.0,0.0,0.0,0.0
20170210,1.0,0.0,0.0,0.0
20170213,1.0,0.0,0.0,0.0
20170214,1.0,0.0,0.0,0.0
20170215,1.0,0.0,0.0,0.0
20170216,1.0,0.0,0.0,0.0
20170217,1.0,0.0,0.0,0.0
20170221,1.0,0.0,0.0,0.0
20170222,1.0,0.0,0.0,0.0
20170223,1.0,0.0,0.0,0.0
20170224,1.0,0.0,0.0,0.0
20170227,1.0,0.0,0.0,0.0
20170228,1.0,0.0,0.0,0.0
20170301,0.0,1.0,0.0,0.0
20170302,0.0,1.0,0.0,0.0
20170303,0.0,1.0,0.0,0.0
20170306,0.0,1.0,0.0,0.0
20170307,0.0,1.0,0.0,0.0
20170308,0.0,1.0,0.0,0.0
20170309,0.0,1.0,0.0,0.0
20170310,0.0,1.0,0.0,0.0
20170313,0.0,1.0,0.0,0.0
20170314,0.0,1.0,0.0,0.0
20170315,0.0,1.0,0.0,0.0
20170316,0.0,1.0,0.0,0.0
20170317,0.0,1.0,0.0,0.0
20170320,0.0,1.0,0.0,0.0
20170321,0.0,1.0,0.0,0.0
20170322,0.0,1.0,0.0,0.0
20170323,0.0,1.0,0.0,0.0
20170324,0.0,1.0,0.0,0.0
20170327,0.0,1.0,0.0,0.0
20170328,0.0,1.0,0.0,0.0
20170329,0.0,1.0,0.0,0.0
20170330,0.0,1.0,0.0,0.0
20170331,0.0,1.0,0.0,0.0
20170403,0.0,1.0,0.0,0.0
20170404,0.0,1.0,0.0,0.0
20170405,0.0,1.0,0.0,0.0
20170406,0.0,1.0,0.0,0.0
20170407,0.0,1.0,0.0,0.0
20170410,0.0,1.0,0.0,0.0
20170411,0.0,1.0,0.0,0.0
20170412,0.0,1.0,0.0,0.0
20170413,0.0,1.0,0.0,0.0
20170417,0.0,1.0,0.0,0.0
20170418,0.0,1.0,0.0,0.0
20170419,0.0,1.0,0.0,0.0
20170420,0.0,1.0,0.0,0.0
20170421,0.0,1.0,0.0,0.0
20170424,0.0,1.0,0.0,0.0
20170425,0.0,1.0,0.0,0.0
20170426,0.0,1.0,0.0,0.0
20170427,0.0,1.0,0.0,0.0
20170428,0.0,1.0,0.0,0.0
20170501,0.0,1.0,0.0,0.0
20170502,0.0,1.0,0.0,0.0
20170503,0.0,1.0,0.0,0.0
20170504,0.0,1.0,0.0,0.0
20170505,0.0,1.0,0.0,0.0
20170508,0.0,1.0,0.0,0.0
20170509,0.0,1.0,0.0,0.0
20170510,0.0,1.0,0.0,0.0
20170511,0.0,1.0,0.0,0.0
20170512,0.0,1.0,0.0,0.0
20170515,0.0,1.0,0.0,0.0
20170516,0.0,1.0,0.0,0.0
20170517,0.0,1.0,0.0,0.0
20170518,0.0,1.0,0.0,0.0
20170519,0.0,1.0,0.0,0.0
20170522,0.0,1.0,0.0,0.0
20170523,0.0,1.0,0.0,0.0
20170524,0.0,1.0,0.0,0.0
20170525,0.0,1.0,0.0,0.0
20170526,0.0,1.0,0.0,0.0
20170530,0.0,1.0,0.0,0.0
20170531,0.0,1.0,0.0,0.0
20170601,1.0,0.0,0.0,0.0
20170602,1.0,0.0,0.0,0.0
20170605,1.0,0.0,0.0,0.0
20170606,1.0,0.0,0.0,0.0
20170607,1.0,0.0,0.0,0.0
20170608,1.0,0.0,0.0,0.0
20170609,1.0,0.0,0.0,0.0
20170612,1.0,0.0,0.0,0.0
20170613,1.0,0.0,0.0,0.0
20170614,1.0,0.0,0.0,0.0
20170615,1.0,0.0,0.0,0.0
20170616,1.0,0.0,0.0,0.0
20170619,1.0,0.0,0.0,0.0
20170620,1.0,0.0,0.0,0.0
20170621,1.0,0.0,0.0,0.0
20170622,1.0,0.0,0.0,0.0
20170623,1.0,0.0,0.0,0.0
20170626,1.0,0.0,0.0,0.0
20170627,1.0,0.0,0.0,0.0
20170628,1.0,0.0,0.0,0.0
20170629,1.0,0.0,0.0,0.0
20170630,1.0,0.0,0.0,0.0
20170703,1.0,0.0,0.0,0.0
20170705,1.0,0.0,0.0,0.0
20170706,1.0,0.0,0.0,0.0
20170707,1.0,0.0,0.0,0.0
20170710,1.0,0.0,0.0,0.0
20170711,1.0,0.0,0.0,0.0
20170712,1.0,0.0,0.0,0.0
20170713,1.0,0.0,0.0,0.0
20170714,1.0,0.0,0.0,0.0
20170717,1.0,0.0,0.0,0.0
20170718,1.0,0.0,0.0,0.0
20170719,1.0,0.0,0.0,0.0
20170720,1.0,0.0,0.0,0.0
20170721,1.0,0.0,0.0,0.0
20170724,1.0,0.0,0.0,0.0
20170725,1.0,0.0,0.0,0.0
20170726,1.0,0.0,0.0,0.0
20170727,1.0,0.0,0.0,0.0
20170728,1.0,0.0,0.0,0.0
20170731,1.0,0.0,0.0,0.0
20170801,1.0,0.0,0.0,0.0
20170802,1.0,0.0,0.0,0.0
20170803,1.0,0.0,0.0,0.0
20170804,1.0,0.0,0.0,0.0
20170807,1.0,0.0,0.0,0.0
20170808,1.0,0.0,0.0,0.0
20170809,1.0,0.0,0.0,0.0
20170810,1.0,0.0,0.0,0.0
20170811,1.0,0.0,0.0,0.0
20170814,1.0,0.0,0.0,0.0
20170815,1.0,0.0,0.0,0.0
20170816,1.0,0.0,0.0,0.0
20170817,1.0,0.0,0.0,0.0
20170818,1.0,0.0,0.0,0.0
20170821,1.0,0.0,0.0,0.0
20170822,1.0,0.0,0.0,0.0
20170823,1.0,0.0,0.0,0.0
20170824,1.0,0.0,0.0,0.0
20170825,1.0,0.0,0.0,0.0
20170828,1.0,0.0,0.0,0.0
20170829,1.0,0.0,0.0,0.0
20170830,1.0,0.0,0.0,0.0
20170831,1.0,0.0,0.0,0.0
20170901,1.0,0.0,0.0,0.0
20170905,1.0,0.0,0.0,0.0
20170906,1.0,0.0,0.0,0.0
20170907,1.0,0.0,0.0,0.0
20170908,1.0,0.0,0.0,0.0
20170911,1.0,0.0,0.0,0.0
20170912,1.0,0.0,0.0,0.0
20170913,1.0,0.0,0.0,0.0
20170914,1.0,0.0,0.0,0.0
20170915,1.0,0.0,0.0,0.0
20170918,1.0,0.0,0.0,0.0
20170919,1.0,0.0,0.0,0.0
20170920,1.0,0.0,0.0,0.0
20170921,1.0,0.0,0.0,0.0
20170922,1.0,0.0,0.0,0.0
20170925,1.0,0.0,0.0,0.0
20170926,1.0,0.0,0.0,0.0
20170927,1.0,0.0,0.0,0.0
20170928,1.0,0.0,0.0,0.0
20170929,1.0,0.0,0.0,0.0
20171002,1.0,0.0,0.0,0.0
20171003,1.0,0.0,0.0,0.0
20171004,1.0,0.0,0.0,0.0
20171005,1.0,0.0,0.0,0.0
20171006,1.0,0.0,0.0,0.0
20171009,1.0,0.0,0.0,0.0
20171010,1.0,0.0,0.0,0.0
20171011,1.0,0.0,0.0,0.0
20171012,1.0,0.0,0.0,0.0
20171013,1.0,0.0,0.0,0.0
20171016,1.0,0.0,0.0,0.0
20171017,1.0,0.0,0.0,0.0
20171018,1.0,0.0,0.0,0.0
20171019,1.0,0.0,0.0,0.0
20171020,1.0,0.0,0.0,0.0
20171023,1.0,0.0,0.0,0.0
20171024,1.0,0.0,0.0,0.0
20171025,1.0,0.0,0.0,0.0
20171026,1.0,0.0,0.0,0.0
20171027,1.0,0.0,0.0,0.0
20171030,1.0,0.0,0.0,0.0
20171031,1.0,0.0,0.0,0.0
20171101,1.0,0.0,0.0,0.0
20171102,1.0,0.0,0.0,0.0
20171103,1.0,0.0,0.0,0.0
20171106,1.0,0.0,0.0,0.0
20171107,1.0,0.0,0.0,0.0
20171108,1.0,0.0,0.0,0.0
20171109,1.0,0.0,0.0,0.0
20171110,1.0,0.0,0.0,0.0
20171113,1.0,0.0,0.0,0.0
20171114,1.0,0.0,0.0,0.0
20171115,1.0,0.0,0.0,0.0
20171116,1.0,0.0,0.0,0.0
20171117,1.0,0.0,0.0,0.0
20171120,1.0,0.0,0.0,0.0
20171121,1.0,0.0,0.0,0.0
20171122,1.0,0.0,0.0,0.0
20171124,1.0,0.0,0.0,0.0
20171127,1.0,0.0,0.0,0.0
20171128,1.0,0.0,0.0,0.0
20171129,1.0,0.0,0.0,0.0
20171130,1.0,0.0,0.0,0.0
20171201,0.0,0.0,1.0,0.0
20171204,0.0,0.0,1.0,0.0
20171205,0.0,0.0,1.0,0.0
20171206,0.0,0.0,1.0,0.0
20171207,0.0,0.0,1.0,0.0
20171208,0.0,0.0,1.0,0.0
20171211,0.0,0.0,1.0,0.0
20171212,0.0,0.0,1.0,0.0
20171213,0.0,0.0,1.0,0.0
20171214,0.0,0.0,1.0,0.0
20171215,0.0,0.0,1.0,0.0
20171218,0.0,0.0,1.0,0.0
20171219,0.0,0.0,1.0,0.0
20171220,0.0,0.0,1.0,0.0
20171221,0.0,0.0,1.0,0.0
20171222,0.0,0.0,1.0,0.0
20171226,0.0,0.0,1.0,0.0
20171227,0.0,0.0,1.0,0.0
20171228,0.0,0.0,1.0,0.0
20171229,0.0,0.0,1.0,0.0
20180102,0.0,0.0,1.0,0.0
20180103,0.0,0.0,1.0,0.0
20180104,0.0,0.0,1.0,0.0
20180105,0.0,0.0,1.0,0.0
20180108,0.0,0.0,1.0,0.0
20180109,0.0,0.0,1.0,0.0
20180110,0.0,0.0,1.0,0.0
20180111,0.0,0.0,1.0,0.0
20180112,0.0,0.0,1.0,0.0
20180116,0.0,0.0,1.0,0.0
20180117,0.0,0.0,1.0,0.0
20180118,0.0,0.0,1.0,0.0
20180119,0.0,0.0,1.0,0.0
20180122,0.0,0.0,1.0,0.0
20180123,0.0,0.0,1.0,0.0
20180124,0.0,0.0,1.0,0.0
20180125,0.0,0.0,1.0,0.0
20180126,0.0,0.0,1.0,0.0
20180129,0.0,0.0,1.0,0.0
20180130,0.0,0.0,1.0,0.0
20180131,0.0,0.0,1.0,0.0
20180201,0.0,0.0,1.0,0.0
20180202,0.0,0.0,1.0,0.0
20180205,0.0,0.0,1.0,0.0
20180206,0.0,0.0,1.0,0.0
20180207,0.0,0.0,1.0,0.0
20180208,0.0,0.0,1.0,0.0
20180209,0.0,0.0,1.0,0.0
20180212,0.0,0.0,1.0,0.0
20180213,0.0,0.0,1.0,0.0
20180214,0.0,0.0,1.0,0.0
20180215,0.0,0.0,1.0,0.0
20180216,0.0,0.0,1.0,0.0
20180220,0.0,0.0,1.0,0.0
20180221,0.0,0.0,1.0,0.0
20180222,0.0,0.0,1.0,0.0
20180223,0.0,0.0,1.0,0.0
20180226,0.0,0.0,1.0,0.0
20180227,0.0,0.0,1.0,0.0
20180228,0.0,0.0,1.0,0.0
20180301,0.0,0.0,1.0,0.0
20180302,0.0,0.0,1.0,0.0
20180305,0.0,0.0,1.0,0.0
20180306,0.0,0.0,1.0,0.0
20180307,0.0,0.0,1.0,0.0
20180308,0.0,0.0,1.0,0.0
20180309,0.0,0.0,1.0,0.0
20180312,0.0,0.0,1.0,0.0
20180313,0.0,0.0,1.0,0.0
20180314,0.0,0.0,1.0,0.0
20180315,0.0,0.0,1.0,0.0
20180316,0.0,0.0,1.0,0.0
20180319,0.0,0.0,1.0,0.0
20180320,0.0,0.0,1.0,0.0
20180321,0.0,0.0,1.0,0.0
20180322,0.0,0.0,1.0,0.0
20180323,0.0,0.0,1.0,0.0
20180326,0.0,0.0,1.0,0.0
20180327,0.0,0.0,1.0,0.0
20180328,0.0,0.0,1.0,0.0
20180329,0.0,0.0,1.0,0.0
20180402,0.0,0.0,1.0,0.0
20180403,0.0,0.0,1.0,0.0
20180404,0.0,0.0,1.0,0.0
20180405,0.0,0.0,1.0,0.0
20180406,0.0,0.0,1.0,0.0
20180409,0.0,0.0,1.0,0.0
20180410,0.0,0.0,1.0,0.0
20180411,0.0,0.0,1.0,0.0
20180412,0.0,0.0,1.0,0.0
20180413,0.0,0.0,1.0,0.0
20180416,0.0,0.0,1.0,0.0
20180417,0.0,0.0,1.0,0.0
20180418,0.0,0.0,1.0,0.0
20180419,0.0,0.0,1.0,0.0
20180420,0.0,0.0,1.0,0.0
20180423,0.0,0.0,1.0,0.0
20180424,0.0,0.0,1.0,0.0
20180425,0.0,0.0,1.0,0.0
20180426,0.0,0.0,1.0,0.0
20180427,0.0,0.0,1.0,0.0
20180430,0.0,0.0,1.0,0.0
20180501,0.0,0.0,1.0,0.0
20180502,0.0,0.0,1.0,0.0
20180503,0.0,0.0,1.0,0.0
20180504,0.0,0.0,1.0,0.0
20180507,0.0,0.0,1.0,0.0
20180508,0.0,0.0,1.0,0.0
20180509,0.0,0.0,1.0,0.0
20180510,0.0,0.0,1.0,0.0
20180511,0.0,0.0,1.0,0.0
20180514,0.0,0.0,1.0,0.0
20180515,0.0,0.0,1.0,0.0
20180516,0.0,0.0,1.0,0.0
20180517,0.0,0.0,1.0,0.0
20180518,0.0,0.0,1.0,0.0
20180521,0.0,0.0,1.0,0.0
20180522,0.0,0.0,1.0,0.0
20180523,0.0,0.0,1.0,0.0
20180524,0.0,0.0,1.0,0.0
20180525,0.0,0.0,1.0,0.0
20180529,0.0,0.0,1.0,0.0
20180530,0.0,0.0,1.0,0.0
20180531,0.0,0.0,1.0,0.0
20180601,0.0,0.0,1.0,0.0
20180604,0.0,0.0,1.0,0.0
20180605,0.0,0.0,1.0,0.0
20180606,0.0,0.0,1.0,0.0
20180607,0.0,0.0,1.0,0.0
20180608,0.0,0.0,1.0,0.0
20180611,0.0,0.0,1.0,0.0
20180612,0.0,0.0,1.0,0.0
20180613,0.0,0.0,1.0,0.0
20180614,0.0,0.0,1.0,0.0
20180615,0.0,0.0,1.0,0.0
20180618,0.0,0.0,1.0,0.0
20180619,0.0,0.0,1.0,0.0
20180620,0.0,0.0,1.0,0.0
20180621,0.0,0.0,1.0,0.0
20180622,0.0,0.0,1.0,0.0
20180625,0.0,0.0,1.0,0.0
20180626,0.0,0.0,1.0,0.0
20180627,0.0,0.0,1.0,0.0
20180628,0.0,0.0,1.0,0.0
20180629,0.0,0.0,1.0,0.0
20180702,0.0,0.0,1.0,0.0
20180703,0.0,0.0,1.0,0.0
20180705,0.0,0.0,1.0,0.0
20180706,0.0,0.0,1.0,0.0
20180709,0.0,0.0,1.0,0.0
20180710,0.0,0.0,1.0,0.0
20180711,0.0,0.0,1.0,0.0
20180712,0.0,0.0,1.0,0.0
20180713,0.0,0.0,1.0,0.0
20180716,0.0,0.0,1.0,0.0
20180717,0.0,0.0,1.0,0.0
20180718,0.0,0.0,1.0,0.0
20180719,0.0,0.0,1.0,0.0
20180720,0.0,0.0,1.0,0.0
20180723,0.0,0.0,1.0,0.0
20180724,0.0,0.0,1.0,0.0
20180725,0.0,0.0,1.0,0.0
20180726,0.0,0.0,1.0,0.0
20180727,0.0,0.0,1.0,0.0
20180730,0.0,0.0,1.0,0.0
20180731,0.0,0.0,1.0,0.0
20180801,0.0,0.0,1.0,0.0
20180802,0.0,0.0,1.0,0.0
20180803,0.0,0.0,1.0,0.0
20180806,0.0,0.0,1.0,0.0
20180807,0.0,0.0,1.0,0.0
20180808,0.0,0.0,1.0,0.0
20180809,0.0,0.0,1.0,0.0
20180810,0.0,0.0,1.0,0.0
20180813,0.0,0.0,1.0,0.0
20180814,0.0,0.0,1.0,0.0
20180815,0.0,0.0,1.0,0.0
20180816,0.0,0.0,1.0,0.0
20180817,0.0,0.0,1.0,0.0
20180820,0.0,0.0,1.0,0.0
20180821,0.0,0.0,1.0,0.0
20180822,0.0,0.0,1.0,0.0
20180823,0.0,0.0,1.0,0.0
20180824,0.0,0.0,1.0,0.0
20180827,0.0,0.0,1.0,0.0
20180828,0.0,0.0,1.0,0.0
20180829,0.0,0.0,1.0,0.0
20180830,0.0,0.0,1.0,0.0
20180831,0.0,0.0,1.0,0.0
20180904,0.0,0.0,1.0,0.0
20180905,0.0,0.0,1.0,0.0
20180906,0.0,0.0,1.0,0.0
20180907,0.0,0.0,1.0,0.0
20180910,0.0,0.0,1.0,0.0
20180911,0.0,0.0,1.0,0.0
20180912,0.0,0.0,1.0,0.0
20180913,0.0,0.0,1.0,0.0
20180914,0.0,0.0,1.0,0.0
20180917,0.0,0.0,1.0,0.0
20180918,0.0,0.0,1.0,0.0
20180919,0.0,0.0,1.0,0.0
20180920,0.0,0.0,1.0,0.0
20180921,0.0,0.0,1.0,0.0
20180924,0.0,0.0,1.0,0.0
20180925,0.0,0.0,1.0,0.0
20180926,0.0,0.0,1.0,0.0
20180927,0.0,0.0,1.0,0.0
20180928,0.0,0.0,1.0,0.0
20181001,0.0,0.0,1.0,0.0
20181002,0.0,0.0,1.0,0.0
20181003,0.0,0.0,1.0,0.0
20181004,0.0,0.0,1.0,0.0
20181005,0.0,0.0,1.0,0.0
20181008,0.0,0.0,1.0,0.0
20181009,0.0,0.0,1.0,0.0
20181010,0.0,0.0,1.0,0.0
20181011,0.0,0.0,1.0,0.0
20181012,0.0,0.0,1.0,0.0
20181015,0.0,0.0,1.0,0.0
20181016,0.0,0.0,1.0,0.0
20181017,0.0,0.0,1.0,0.0
20181018,0.0,0.0,1.0,0.0
20181019,0.0,0.0,1.0,0.0
20181022,0.0,0.0,1.0,0.0
20181023,0.0,0.0,1.0,0.0
20181024,0.0,0.0,1.0,0.0
20181025,0.0,0.0,1.0,0.0
20181026,0.0,0.0,1.0,0.0
20181029,0.0,0.0,1.0,0.0
20181030,0.0,0.0,1.0,0.0
20181031,0.0,0.0,1.0,0.0
20181101,0.0,0.0,0.0,1.0
