DateTime,SPY,VCIT,Gold
20091123,88.3039,75.04000092,114.29
20091124,88.4393,75.43000031,114.73
20091125,88.7501,75.47000122,116.62
20091127,87.3078,76.44000244,115.06
20091130,87.6027,75.70999908,115.64
20091201,88.6863,75.87999725,117.38
20091202,88.6465,75.68000031,119.18
20091203,87.9533,75.59999847,118.7
20091204,88.4552,75.41999817,113.753
20091207,88.3198,75.5,113.11
20091208,87.3397,75.87000275,110.95
20091209,87.6664,75.95999908,110.84
20091210,88.1604,75.56999969,110.82
20091211,88.5349,75.66999817,109.32
20091214,89.1405,75.58000183,110.24
20091215,88.7262,75.61000061,110.21
20091216,88.8617,76.22000122,111.59
20091217,87.7939,76.41000366,107.34
20091218,88.2906,76.05999756,108.95
20091221,89.1878,75.91999817,106.95
20091222,89.5083,75.31999969,106.17
20091223,89.6845,75.58000183,106.55
20091224,90.1091,75.0,108.36
20091228,90.3014,74.83999634,108.55
20091229,90.1732,74.79000092,107.47
20091230,90.1412,74.98999786,106.93
20091231,89.276,74.73000336,107.31
20100104,90.7901,75.20999908,109.8
20100105,91.0304,75.37999725,109.7
20100106,91.0945,75.80000305,111.51
20100107,91.4791,75.80000305,110.82
20100108,91.7834,75.76000214,111.37
20100111,91.9116,75.94000244,112.85
20100112,91.0544,76.55999756,110.49
20100113,91.8235,76.19999695,111.54
20100114,92.0718,76.01000214,112.03
20100115,91.0384,76.19999695,110.86
20100119,92.176,76.48000336,111.52
20100120,91.2387,76.48000336,108.94
20100121,89.4843,76.06999969,107.37
20100122,87.4895,76.26999664,107.17
20100125,87.9381,76.19999695,107.48
20100126,87.5696,76.22000122,107.56
20100127,87.9862,76.26999664,106.528
20100128,86.9768,75.80000305,106.48
20100129,86.0315,76.12999725,105.96
20100201,87.3693,76.05999756,108.35
20100202,88.4268,75.90000153,109.13
20100203,87.9862,75.83000183,108.7
20100204,85.2704,75.83000183,104.37
20100205,85.4467,76.19000244,104.68
20100208,84.8298,76.13999939,104.04
20100209,85.8952,75.94999695,105.41
20100210,85.7271,75.73999786,105.12
20100211,86.6243,75.47000122,107.13
20100212,86.5522,76.08000183,107.04
20100216,87.9141,75.29000092,109.62
20100217,88.3307,75.29000092,109.25
20100218,88.8514,75.41000366,109.98
20100219,89.0356,75.26999664,109.47
20100222,89.0517,75.51000214,109.07
20100223,87.9702,75.66999817,107.89
20100224,88.7793,75.93000031,107.36
20100225,88.6591,75.83000183,108.31
20100226,88.7152,76.18000031,109.43
20100301,89.6365,76.13999939,109.43
20100302,89.8848,75.91000366,111.02
20100303,89.9649,76.29000092,111.63
20100304,90.2373,76.31999969,110.83
20100305,91.5271,76.47000122,110.81
20100308,91.5431,76.45999908,109.88
20100309,91.6953,76.51999664,109.718
20100310,92.1039,76.37999725,108.47
20100311,92.4884,76.58999634,108.6
20100312,92.4964,76.48000336,107.95
20100315,92.5205,76.54000092,108.36
20100316,93.2575,76.72000122,110.4
20100317,93.8103,77.05999756,109.59
20100318,93.7622,77.0,110.34
20100319,93.2876,76.87999725,108.28
20100322,93.7863,77.19000244,107.75
20100323,94.4459,77.23999786,108.32
20100324,93.9874,76.77999878,106.3
20100325,93.8346,76.37999725,106.78
20100326,93.7783,76.19999695,108.59
20100329,94.3736,76.40000153,108.75
20100330,94.4379,76.31999969,107.97
20100331,94.1161,76.37000275,108.95
20100401,94.7597,76.19000244,110.26
20100405,95.5319,75.86000061,110.89
20100406,95.7571,75.48000336,111.03
20100407,95.2101,76.0,112.49
20100408,95.5399,76.52999878,112.65
20100409,96.1674,76.19999695,113.64
20100412,96.3202,76.54000092,113.01
20100413,96.3926,76.83000183,112.69
20100414,97.4866,76.94999695,113.03
20100415,97.567,76.30000305,113.65
20100416,96.0146,76.97000122,111.24
20100419,96.3765,77.05000305,111.15
20100420,97.2372,77.0,111.46
20100421,97.0603,76.91000366,112.31
20100422,97.3499,77.61000061,111.84
20100423,97.9853,77.05999756,113.19
20100426,97.6153,77.23000336,112.75
20100427,95.3067,77.38999939,114.63
20100428,96.0306,77.19000244,114.31
20100429,97.2212,77.16999817,114.28
20100430,95.5721,77.08999634,115.36
20100503,96.8109,77.20999908,115.73
20100504,94.5344,77.40000153,114.87
20100505,93.9713,77.62000275,115.09
20100506,90.8502,77.31999969,118.486
20100507,89.4988,77.55999756,118.27
20100510,93.4404,77.76999664,117.57
20100511,93.175,77.27999878,120.656
20100512,94.4781,77.02999878,121.4
20100513,93.3037,77.11000061,120.56
20100514,91.6144,77.34999847,120.37
20100517,91.6627,77.51999664,119.36
20100518,90.4158,77.16000366,119.49
20100519,89.901,77.62999725,116.63
20100520,86.5064,77.69999695,115.84
20100521,87.7693,77.69999695,115.22
20100524,86.6431,77.69000244,116.84
20100525,86.7317,77.70999908,117.36
20100526,86.2088,77.30999756,118.47
20100527,89.0966,77.01000214,118.69
20100528,87.9785,76.77999878,118.881
20100601,86.4984,77.47000122,119.91
20100602,88.7507,76.76000214,119.78
20100603,89.0564,76.25,117.96
20100604,85.9272,77.33999634,119.19
20100607,84.8574,77.0,121.49
20100608,85.7664,77.41000366,121.0025
20100609,85.3078,77.15000153,120.56
20100610,87.8015,76.77999878,118.975
20100611,88.2279,76.68000031,120.01
20100614,88.0911,76.69000244,119.6
20100615,90.0941,76.75,120.99
20100616,90.0619,76.72000122,120.33
20100617,90.2067,77.05000305,121.9
20100618,90.3045,77.15000153,122.83
20100621,90.0459,77.02999878,120.39
20100622,88.5587,77.26999664,121.45
20100623,88.2839,77.30999756,120.95
20100624,86.821,77.72000122,121.3
20100625,87.1847,77.63999939,122.76
20100628,86.9099,78.12999725,121.09
20100629,84.2265,78.34999847,121.27
20100630,83.4264,78.19999695,121.68
20100701,83.0546,78.30999756,117.04
20100702,82.602,78.12000275,118.49
20100706,83.1435,77.79000092,116.51
20100707,85.7622,78.36000061,117.73
20100708,86.6108,78.12999725,117.21
20100709,87.2575,78.16999817,118.36
20100712,87.314,78.16999817,117.34
20100713,88.6315,78.33000183,118.36
20100714,88.6234,78.52999878,118.3
20100715,88.6476,78.75,118.23
20100716,86.2067,79.04000092,116.67
20100719,86.7159,79.23999786,115.73
20100720,87.6777,79.26000214,116.65
20100721,86.5381,79.31999969,115.85
20100722,88.4698,79.48999786,116.863
20100723,89.2376,79.36000061,116.09
20100726,90.1671,79.30000305,115.52
20100727,90.159,79.38999939,113.51
20100728,89.5771,79.66000366,113.78
20100729,89.1406,79.51999664,114.288
20100730,89.1245,79.69000244,115.49
20100802,91.137,79.80999756,115.54
20100803,90.7005,79.84999847,115.99
20100804,91.3067,79.80000305,116.72
20100805,91.2097,79.52999878,116.98
20100806,90.8379,80.23000336,117.84
20100809,91.3229,80.19999695,117.4
20100810,90.8298,80.26999664,117.73
20100811,88.3405,80.58000183,117.34
20100812,87.799,80.58999634,118.77
20100813,87.5403,80.19000244,118.74
20100816,87.4999,81.16000366,119.73
20100817,88.5749,81.19000244,119.75
20100818,88.7365,81.19999695,120.22
20100819,87.1928,80.97000122,120.39
20100820,86.9099,81.26000214,119.97
20100823,86.5785,81.11000061,119.78
20100824,85.2934,81.45999908,120.36
20100825,85.6248,81.70999908,121.36
20100826,85.051,81.26999664,120.96
20100827,86.3684,81.30000305,121.01
20100830,85.1156,81.01000214,120.91
20100831,85.1156,81.29000092,122.08
20100901,87.6616,81.09999847,121.69
20100902,88.4779,80.68000031,122.29
20100903,89.6256,80.34999847,121.86
20100907,88.6153,80.76000214,122.7
20100908,89.2376,80.68000031,122.71
20100909,89.6498,80.5,121.56
20100910,90.1024,80.41999817,121.73
20100913,91.1046,80.30999756,121.62
20100914,91.0481,80.73999786,124.024
20100915,91.3956,80.86000061,123.94
20100916,91.3714,80.75,124.63
20100917,91.4055,80.68000031,124.5425
20100920,92.8031,80.55000305,124.87
20100921,92.6162,81.11000061,126.01
20100922,92.1612,81.66999817,126.2
20100923,91.4137,81.73000336,126.3
20100924,93.2988,81.47000122,126.69
20100927,92.8519,81.58000183,126.72
20100928,93.1769,81.80999756,127.85
20100929,93.0144,82.06999969,127.95
20100930,92.7381,81.69999695,127.91
20101001,93.1281,81.5,128.91
20101004,92.4293,81.93000031,128.46
20101005,94.2901,82.02999878,130.99
20101006,94.282,82.73000336,131.81
20101007,94.1682,82.73999786,130.37
20101008,94.6964,82.98999786,131.66
20101011,94.7858,82.41000366,132.292
20101012,95.0783,82.69999695,131.96
20101013,95.8177,82.37000275,134.07
20101014,95.4439,82.58000183,134.75
20101015,95.639,82.12999725,133.68
20101018,96.1102,81.87999725,134.28
20101019,94.8508,82.16000366,130.11
20101020,95.7771,82.31999969,131.32
20101021,95.9884,82.34999847,129.47
20101022,96.1671,82.08999634,129.73
20101025,96.4515,82.19999695,130.85
20101026,96.4678,82.20999908,130.88
20101027,96.1915,81.91000366,129.52
20101028,96.2078,81.93000031,131.24
20101029,96.2809,82.01000214,132.62
20101101,96.3134,82.52999878,131.92
20101102,97.0772,82.01999664,132.49
20101103,97.4672,82.61000061,131.57
20101104,99.3443,82.69999695,136.03
20101105,99.718,82.95999908,136.38
20101108,99.5312,82.69999695,137.78
20101109,98.8161,82.62000275,135.59
20101110,99.2143,82.29000092,137.24
20101111,98.8404,82.36000061,137.66
20101112,97.6704,81.75,133.69
20101115,97.5322,80.76999664,132.42
20101116,96.0128,80.25,130.968
20101117,96.0615,80.51000214,130.38
20101118,97.4753,80.16999817,132.088
20101119,97.7435,80.61000061,132.2
20101122,97.6623,80.93000031,133.48
20101123,96.2484,81.44999695,134.41
20101124,97.6704,81.22000122,134.18
20101126,96.5328,81.04000092,133.11
20101129,96.8253,81.16999817,133.508
20101130,96.2809,80.77999878,135.42
20101201,98.3286,80.5,135.38
20101202,99.588,80.0,135.2
20101203,99.8562,80.27999878,138.07
20101206,99.7505,80.58999634,139.11
20101207,99.8074,80.16000366,136.5
20101208,100.1731,79.02999878,134.79
20101209,100.5631,78.80000305,135.37
20101210,101.1482,78.70999908,135.408
20101213,101.2132,78.43000031,136.05
20101214,101.3026,78.40000153,136.18
20101215,100.8394,78.19999695,134.7
20101216,101.4244,78.20999908,133.81
20101217,101.533,78.37000275,134.2
20101220,101.7781,79.45999908,135.11
20101221,102.4234,79.26999664,135.32
20101222,102.742,78.87999725,135.05
20101223,102.595,79.02999878,134.66
20101227,102.6358,77.98999786,135.02
20101228,102.7828,77.97000122,137.22
20101229,102.8564,77.65000153,137.71
20101230,102.693,78.11000061,137.03
20101231,102.7175,78.55000305,138.72
20110103,103.7794,78.52999878,138.0
20110104,103.7222,78.66000366,134.75
20110105,104.2613,78.55000305,134.37
20110106,104.0571,78.37000275,133.83
20110107,103.8529,78.44000244,133.58
20110110,103.7222,78.72000122,134.12
20110111,104.0897,79.11000061,134.91
20110112,105.0292,78.83999634,135.46
20110113,104.8576,78.76999664,134.05
20110114,105.6173,79.54000092,132.69
20110118,105.797,79.02999878,133.43
20110119,104.7596,79.22000122,133.72
20110120,104.6207,79.16999817,131.2
20110121,104.8576,78.76000214,131.03
20110124,105.4539,79.37000275,130.36
20110125,105.5111,78.80000305,130.1
20110126,105.9195,79.43000031,131.16
20110127,106.1809,79.33000183,127.925
20110128,104.3266,79.02999878,130.28
20110131,105.1108,79.41000366,129.87
20110201,106.7935,79.08999634,130.8
20110202,106.5893,79.30999756,130.45
20110203,106.8262,78.51000214,132.2
20110204,107.1284,78.5,131.66
20110207,107.7982,78.16000366,131.68
20110208,108.2884,78.15000153,133.14
20110209,108.0433,78.48999786,133.07
20110210,108.0841,78.41999817,132.85
20110211,108.7294,78.02999878,132.3225
20110214,108.9908,78.48999786,132.95
20110215,108.6477,78.69000244,133.97
20110216,109.3339,78.97000122,134.1
20110217,109.6606,78.93000031,135.04
20110218,109.8893,78.97000122,135.41
20110222,107.6839,79.51999664,136.29
20110223,107.0222,79.47000122,137.51
20110224,106.9487,79.40000153,136.48
20110225,108.0923,79.02999878,137.384
20110228,108.7621,79.51999664,137.661
20110301,106.9487,79.29000092,140.03
20110302,107.1774,79.12999725,139.917
20110303,109.0235,79.01999664,138.09
20110304,108.2066,78.81999969,139.35
20110307,107.3572,79.01999664,139.721
20110308,108.2965,79.04000092,139.36
20110309,108.1413,79.16999817,139.41
20110310,106.14,79.5,137.77
20110311,106.8752,79.84999847,138.22
20110314,106.2299,80.05999756,138.86
20110315,105.0128,80.08999634,136.27
20110316,103.0687,79.94999695,136.24
20110317,104.4328,80.16999817,136.97
20110318,104.8127,80.12999725,138.37
20110321,106.4371,80.37000275,139.14
20110322,106.0679,79.81999969,139.05
20110323,106.3714,79.80000305,140.34
20110324,107.3887,79.70999908,139.22
20110325,107.7169,79.38999939,139.26
20110328,107.4543,79.33999634,138.54
20110329,108.1763,79.33000183,138.21
20110330,108.9228,79.26999664,138.67
20110331,108.7752,79.44000244,139.86
20110401,109.2346,78.79000092,139.2
20110404,109.3248,79.43000031,139.84
20110405,109.3084,79.34999847,142.05
20110406,109.653,79.11000061,142.38
20110407,109.374,79.01000214,142.51
20110408,108.9966,78.83999634,143.66
20110411,108.6685,78.91000366,142.64
20110412,107.8563,78.91000366,141.61
20110413,107.8481,79.12000275,141.9
20110414,107.9302,79.41999817,143.81
20110415,108.324,79.5,145.05
20110418,107.1098,80.11000061,145.93
20110419,107.7251,80.0,145.93
20110420,109.1936,79.95999908,146.5
20110421,109.7514,80.22000122,146.74
20110425,109.6366,80.08000183,146.87
20110426,110.58,80.23999786,146.38
20110427,111.3019,80.15000153,149.2
20110428,111.6629,80.36000061,149.82
20110429,111.9254,80.11000061,152.37
20110502,111.7532,80.61000061,150.414
20110503,111.3512,80.5,149.88
20110504,110.6128,80.51999664,147.73
20110505,109.612,80.73999786,143.47
20110506,110.096,80.73000336,145.3
20110509,110.5226,80.91000366,147.38
20110510,111.466,81.01999664,147.9
20110511,110.2929,80.5,146.54
20110512,110.8179,80.83000183,146.59
20110513,109.9647,80.86000061,145.63
20110516,109.2674,81.08000183,145.37
20110517,109.251,81.16999817,144.74
20110518,110.2272,81.27999878,145.6
20110519,110.4898,80.65000153,145.65
20110520,109.612,81.04000092,147.49
20110523,108.3403,81.26999664,147.83
20110524,108.2501,80.98999786,148.59
20110525,108.6111,81.19000244,148.58
20110526,109.1115,81.26000214,148.22
20110527,109.5299,81.40000153,149.7
20110531,110.6702,81.30000305,149.64
20110601,108.1845,81.16000366,149.91
20110602,108.0696,81.58999634,149.5
20110603,106.9949,81.12999725,150.22
20110606,105.8628,81.25,150.48
20110607,105.7972,81.61000061,150.42
20110608,105.3541,81.41000366,149.81
20110609,106.1581,81.55000305,150.56
20110610,104.6814,81.33000183,149.24
20110613,104.7635,80.87999725,147.77
20110614,106.0925,80.62000275,148.67
20110615,104.2056,80.76999664,149.12
20110616,104.4353,81.37999725,148.97
20110617,104.747,81.23000336,149.94
20110620,105.2829,81.47000122,150.03
20110621,106.7257,80.86000061,150.76
20110622,106.0826,81.41999817,150.99
20110623,105.7775,81.41999817,148.339
20110624,104.5491,81.34999847,146.26
20110627,105.4807,81.65000153,145.73
20110628,106.8576,81.23999786,146.24
20110629,107.7727,80.72000122,147.18
20110630,108.8033,80.44999695,146.001
20110701,110.411,80.01000214,144.93
20110705,110.3203,80.76999664,147.63
20110706,110.4522,81.13999939,148.91
20110707,111.5982,80.56999969,149.15
20110708,110.8067,81.36000061,150.25
20110711,108.8033,81.63999939,151.59
20110712,108.3333,81.80999756,152.77
20110713,108.6961,81.48000336,154.14
20110714,107.9459,81.59999847,154.54
20110715,108.5724,81.5,155.2
20110718,107.682,81.66999817,156.57
20110719,109.4299,81.47000122,154.66
20110720,109.3639,81.47000122,156.02
20110721,110.8809,81.41000366,154.83
20110722,110.9551,81.56999969,156.12
20110725,110.3368,81.13999939,157.34
20110726,109.9245,81.16000366,157.77
20110727,107.6738,81.23999786,157.19
20110728,107.3605,81.40000153,157.32
20110729,106.6267,81.83999634,158.29
20110801,106.1733,82.26000214,157.72
20110802,103.4608,82.69999695,161.52
20110803,104.0214,83.0,161.49
20110804,99.1489,83.11000061,160.64
20110805,99.0005,83.16999817,161.75
20110808,92.5532,82.41999817,167.119
20110809,96.8569,82.45999908,168.61
20110810,92.578,83.91000366,174.58
20110811,96.7332,83.05000305,170.75
20110812,97.3846,82.48000336,169.97
20110815,99.4457,84.66999817,171.8
20110816,98.5965,82.84999847,173.92
20110817,98.6625,83.0,174.42
20110818,94.4083,83.55999756,177.72
20110819,92.8666,82.55999756,179.95
20110822,92.9408,82.88999939,184.59
20110823,95.9995,82.59999847,177.67
20110824,97.3516,81.86000061,171.646
20110825,95.8676,81.37000275,172.36
20110826,97.2609,81.65000153,177.47
20110829,100.0558,81.68000031,173.89
20110830,100.3196,82.26999664,179.1
20110831,100.7648,82.62999725,177.72
20110901,99.7096,82.31999969,177.87
20110902,97.162,82.83000183,183.238
20110906,96.4529,82.98999786,182.9
20110907,99.1737,82.83000183,177.08
20110908,98.1431,83.02999878,181.81
20110909,95.5708,83.04000092,180.7
20110912,96.1891,82.80000305,176.67
20110913,97.0713,82.51999664,178.54
20110914,98.4151,82.5,177.21
20110915,100.1135,82.0,174.4
20110916,100.706,82.05000305,176.03
20110919,99.7033,82.37000275,173.31
20110920,99.5873,82.55999756,175.78
20110921,96.6536,82.44000244,173.59
20110922,93.5293,82.40000153,169.05
20110923,94.0929,82.15000153,159.8
20110926,96.3304,81.5,157.58
20110927,97.4077,81.08999634,160.63
20110928,95.4188,81.29000092,156.22
20110929,96.173,81.05999756,157.7
20110930,93.7697,81.01999664,158.06
20111003,91.1012,80.76999664,160.96
20111004,93.0984,80.90000153,157.644
20111005,94.8221,80.01000214,159.46
20111006,96.5376,80.08999634,160.49
20111007,95.8912,80.02999878,159.18
20111010,99.0983,79.83999634,163.266
20111011,99.1978,79.90000153,162.1
20111012,100.0679,80.0,163.26
20111013,99.869,80.23999786,162.3
20111014,101.5762,80.16999817,163.4
20111017,99.637,80.58999634,162.62
20111018,101.5845,80.65000153,161.84
20111019,100.3829,81.16999817,159.87
20111020,100.8221,81.23999786,157.77
20111021,102.7364,81.56999969,159.52
20111024,103.9961,81.77999878,161.02
20111025,101.974,81.88999939,165.59
20111026,103.0099,82.26999664,167.4
20111027,106.5983,82.44999695,169.55
20111028,106.5734,82.09999847,169.62
20111031,104.0044,82.19999695,167.34
20111101,101.1039,81.80000305,167.38
20111102,102.753,82.68000031,169.06
20111103,104.6259,82.68000031,171.72
20111104,103.9878,82.58999634,170.85
20111107,104.6342,82.66999817,174.98
20111108,105.9767,82.76999664,173.53
20111109,102.0652,82.41000366,172.07
20111110,103.0265,82.30999756,171.14
20111111,104.9657,82.27999878,173.96
20111114,103.9712,82.34999847,173.2
20111115,104.485,82.26000214,173.36
20111116,102.8276,82.16999817,171.51
20111117,101.195,82.0,167.1
20111118,101.0873,81.66000366,167.62
20111121,99.1646,81.58999634,163.5
20111122,98.7751,81.27999878,165.31
20111123,96.5956,80.94999695,164.83
20111125,96.4133,81.0,163.4
20111128,99.2061,80.51000214,166.63
20111129,99.4878,80.76000214,166.88
20111130,103.5817,80.66000366,170.13
20111201,103.5652,81.0,169.63
20111202,103.474,80.76000214,169.82
20111205,104.601,81.11000061,167.32
20111206,104.6342,81.08000183,168.18
20111207,105.0237,81.54000092,169.4
20111208,102.7199,81.47000122,165.976
20111209,104.4601,81.61000061,166.4
20111212,102.9353,81.51999664,161.99
20111213,101.974,81.38999939,158.45
20111214,100.8884,81.77999878,152.89
20111215,101.253,81.79000092,152.33
20111216,101.4031,82.15000153,155.23
20111219,100.319,81.95999908,154.87
20111220,103.3546,82.12999725,156.98
20111221,103.5548,81.94999695,157.16
20111222,104.4722,82.09999847,156.04
20111223,105.4062,82.15000153,156.31
20111227,105.4896,81.51999664,154.91
20111228,104.1052,81.87999725,151.03
20111229,105.181,81.94999695,150.34
20111230,104.664,82.16999817,151.99
20120103,106.3319,82.36000061,155.92
20120104,106.4987,82.27999878,156.71
20120105,106.7823,81.87999725,157.78
20120106,106.5071,82.26999664,157.2
20120109,106.7656,82.47000122,156.5
20120110,107.6913,82.48999786,158.64
20120111,107.7497,82.80000305,159.67
20120112,108.0082,82.76000214,160.38
20120113,107.4494,82.59999847,159.26
20120117,107.8664,82.90000153,160.5
20120118,109.059,83.09999847,161.6
20120119,109.6345,83.20999908,161.22
20120120,110.0431,83.26999664,162.07
20120123,109.7596,82.80000305,163.16
20120124,109.6345,82.80999756,162.01
20120125,110.5518,82.87999725,166.42
20120126,109.9848,83.65000153,167.27
20120127,109.9347,84.08999634,168.97
20120130,109.5594,84.23000336,168.03
20120131,109.5177,84.01000214,169.31
20120201,110.4768,84.33000183,169.56
20120202,110.6519,84.19999695,171.05
20120203,112.2031,84.15000153,167.64
20120206,112.1281,84.20999908,167.18
20120207,112.4116,84.37000275,169.7
20120208,112.7452,84.12000275,168.5
20120209,112.887,84.27999878,168.02
20120210,112.053,84.33000183,167.14
20120213,112.887,84.22000122,167.51
20120214,112.7452,84.30000305,167.12
20120215,112.2198,84.48000336,168.108
20120216,113.4624,84.30000305,168.0
20120217,113.7626,84.0,167.35
20120221,113.8127,84.18000031,171.02
20120222,113.4457,84.19999695,172.94
20120223,113.9461,84.19999695,173.02
20120224,114.1963,84.58000183,172.231
20120227,114.3881,84.91000366,171.7
20120228,114.7217,84.90000153,173.49
20120229,114.2714,84.94999695,164.286
20120301,114.8635,84.55999756,166.61
20120302,114.5132,84.55999756,166.34
20120305,114.0462,84.86000061,165.65
20120306,112.3783,84.80999756,162.7
20120307,113.1622,84.66000366,163.63
20120308,114.288,84.69999695,165.28
20120309,114.73,84.5,166.3799
20120312,114.7384,84.62000275,165.07
20120313,116.8066,84.41000366,162.3
20120314,116.6815,84.08999634,159.57
20120315,117.3571,83.51000214,161.08
20120316,117.5196,83.66000366,161.3
20120319,117.9802,83.75,161.59
20120320,117.6369,83.18000031,160.13
20120321,117.4442,83.55999756,160.21
20120322,116.5982,83.79000092,159.57
20120323,116.9751,83.83000183,161.5329
20120326,118.6169,83.98999786,164.4
20120327,118.2483,83.80000305,163.24
20120328,117.662,84.19000244,161.51
20120329,117.4609,84.30000305,161.28
20120330,117.9468,84.15000153,162.12
20120402,118.8095,83.88999939,162.94
20120403,118.3237,83.83000183,159.89
20120404,117.151,83.52999878,157.21
20120405,117.0924,83.86000061,158.31
20120409,115.7773,84.34999847,159.37
20120410,113.834,84.40000153,161.1
20120411,114.7554,84.29000092,161.065
20120412,116.2548,84.33999634,162.7
20120413,114.8727,84.44999695,160.85
20120416,114.7973,84.55000305,160.46
20120417,116.4977,84.38999939,160.27
20120418,116.104,84.5,159.31
20120419,115.3585,84.59999847,159.43
20120420,115.5512,84.55000305,159.54
20120423,114.5795,84.69999695,159.07
20120424,115.0151,84.61000061,159.3
20120425,116.5898,84.55999756,159.62
20120426,117.4023,84.72000122,161.03
20120427,117.595,84.77999878,161.38
20120430,117.1594,84.73000336,161.88
20120501,117.8881,84.98999786,161.32
20120502,117.5363,84.83000183,160.59
20120503,116.6401,84.83999634,158.97
20120504,114.7554,85.09999847,159.47
20120507,114.8391,85.12000275,159.08
20120508,114.3785,85.12999725,156.0
20120509,113.7,85.25,154.47
20120510,113.9345,84.87999725,154.77
20120511,113.5911,85.04000092,153.56
20120514,112.3347,85.15000153,151.33
20120515,111.6897,85.12999725,149.74
20120516,111.2625,84.77999878,149.46
20120517,109.6123,84.55000305,152.8
20120518,108.6742,84.48999786,154.55
20120521,110.5421,84.25,154.65
20120522,110.7348,84.08000183,152.08
20120523,110.7934,84.23000336,151.62
20120524,111.0112,84.18000031,151.41
20120525,110.651,84.34999847,152.68
20120529,111.9912,84.51000214,151.02
20120530,110.3662,84.69999695,151.91
20120531,110.1233,84.79000092,151.62
20120601,107.3508,84.83000183,157.5
20120604,107.3005,84.90000153,157.32
20120605,108.113,84.51000214,157.14
20120606,110.5421,84.5,157.21
20120607,110.6092,84.5,154.5
20120608,111.4886,84.87999725,154.73
20120611,110.0731,84.80000305,155.36
20120612,111.3379,84.76000214,156.4594
20120613,110.6259,84.58999634,157.12
20120614,111.7986,84.83999634,157.75
20120615,112.942,85.0,157.84
20120618,113.1609,85.12999725,157.93
20120619,114.2554,85.18000031,157.16
20120620,114.0702,85.01000214,155.97
20120621,111.5106,85.31999969,152.015
20120622,112.3694,85.19000244,152.64
20120625,110.5676,85.33000183,153.76
20120626,111.1233,85.19999695,152.62
20120627,112.1253,85.26999664,152.83
20120628,111.8053,85.36000061,151.05
20120629,114.5922,85.08999634,155.19
20120702,114.9375,85.37000275,155.09
20120703,115.6952,85.66000366,157.46
20120705,115.1732,85.73999786,155.68
20120706,114.0787,85.98999786,153.71
20120709,113.9355,86.0,154.04
20120710,112.942,86.05000305,152.15
20120711,112.9588,86.29000092,152.99
20120712,112.4115,86.25,152.59
20120713,114.2975,86.37000275,154.14
20120716,114.0281,86.44999695,154.21
20120717,114.8111,86.5,153.47
20120718,115.6615,86.86000061,153.05
20120719,115.9646,86.84999847,153.38
20120720,114.9038,87.0,153.67
20120723,113.7418,86.93000031,153.03
20120724,112.7652,86.77999878,153.52
20120725,112.7904,87.0,155.67
20120726,114.6512,86.95999908,156.77
20120727,116.7645,86.84999847,157.54
20120730,116.7645,86.77999878,157.43
20120731,115.9478,87.05000305,156.49
20120801,115.8467,86.90000153,155.14
20120802,115.0469,86.93000031,154.13
20120803,117.3286,86.73999786,155.55
20120806,117.5559,86.88999939,156.3
20120807,118.1453,86.43000031,156.28
20120808,118.2885,86.43000031,156.48
20120809,118.3895,86.31999969,156.99
20120810,118.5832,86.66000366,157.18
20120813,118.5242,86.66999817,155.99
20120814,118.5411,86.40000153,155.13
20120815,118.6758,86.16000366,155.63
20120816,119.5514,86.12000275,156.56
20120817,119.7114,86.05999756,156.72
20120820,119.7198,86.02999878,157.26
20120821,119.3578,86.08000183,158.83
20120822,119.4083,86.5,160.54
20120823,118.4316,86.87999725,161.89
20120824,119.1473,86.90000153,161.97
20120827,119.1725,87.0,161.36
20120828,119.0547,87.05000305,161.64
20120829,119.1473,87.12000275,160.59
20120830,118.2885,87.09999847,160.52
20120831,118.8525,86.88999939,164.22
20120904,118.7431,87.22000122,164.48
20120905,118.6422,87.02999878,164.31
20120906,121.0501,86.87999725,164.89
20120907,121.5216,87.23999786,168.44
20120910,120.8312,86.98000336,167.29
20120911,121.168,87.01999664,167.9
20120912,121.5722,86.91000366,167.92
20120913,123.4245,87.04000092,171.31
20120914,123.9718,87.16000366,171.8
20120917,123.5508,87.09999847,170.4
20120918,123.4498,87.44999695,171.72
20120919,123.5171,87.66999817,171.74
20120920,123.5256,87.73999786,171.47
20120921,123.4739,87.41999817,171.96
20120924,123.2877,87.75,171.05
20120925,121.9756,87.69000244,170.77
20120926,121.29,87.73000336,169.81
20120927,122.4327,87.69999695,172.34
20120928,121.8656,87.66000366,171.89
20121001,122.1873,87.73999786,172.295
20121002,122.3142,88.0,172.1
20121003,122.8137,88.06999969,172.41
20121004,123.694,88.12000275,173.61
20121005,123.7025,88.01999664,172.62
20121008,123.2793,87.98999786,172.05
20121009,122.0603,88.01000214,170.99
20121010,121.2816,87.98000336,170.84
20121011,121.3493,88.04000092,171.32
20121012,120.9515,88.5,170.06
20121015,121.9587,88.69999695,168.35
20121016,123.1945,88.66000366,169.42
20121017,123.7533,88.79000092,169.54
20121018,123.4316,88.66000366,168.7891
20121019,121.3747,88.63999939,166.97
20121022,121.3916,88.51999664,167.58
20121023,119.7071,88.31999969,165.4258
20121024,119.3685,88.31999969,164.8603
20121025,119.7156,88.26999664,166.02
20121026,119.6479,88.5,165.93
20121031,119.6479,88.55000305,166.83
20121101,120.9007,88.87000275,166.07
20121102,119.8257,88.61000061,162.6
20121105,120.0711,88.73000336,163.23
20121106,121.0107,88.48000336,166.3
20121107,118.2682,88.61000061,166.49
20121108,116.8461,88.5,167.99
20121109,116.9477,88.56999969,167.82
20121112,117.0408,88.34999847,167.45
20121113,116.6344,88.69999695,167.1
20121114,115.06,88.56999969,167.14
20121115,114.8653,88.37999725,166.09
20121116,115.4325,88.44000244,165.88
20121119,117.7688,88.44999695,167.87
20121120,117.8195,88.41999817,167.39
20121121,118.0396,88.23000336,167.56
20121123,119.6479,88.22000122,169.61
20121126,119.3939,88.41999817,169.43
20121127,118.7845,88.34999847,168.71
20121128,119.741,88.59999847,166.55
20121129,120.2996,88.63999939,167.1817
20121130,120.325,88.48000336,166.05
20121203,119.7325,88.30000305,166.1267
20121204,119.5633,88.41000366,164.42
20121205,119.7749,88.61000061,164.12
20121206,120.1811,88.76999664,164.5
20121207,120.5451,88.58999634,165.165
20121210,120.596,88.63999939,165.8
20121211,121.417,88.65000153,165.65
20121212,121.4762,88.69000244,165.77
20121213,120.7313,88.31999969,164.37
20121214,120.2828,88.41000366,164.13
20121217,121.6964,88.34999847,164.44
20121218,123.0507,88.06999969,162.08
20121219,122.1365,87.97000122,161.69
20121220,122.839,88.22000122,159.73
20121221,121.724,88.40000153,160.33
20121224,121.349,87.73999786,160.62
20121226,120.8375,87.62000275,160.78
20121227,120.6755,87.84999847,161.16
20121228,119.3712,87.98000336,160.54
20121231,121.4001,88.09999847,162.0204
20130102,124.5116,88.02999878,163.17
20130103,124.2303,88.05000305,161.2
20130104,124.7758,87.66000366,160.44
20130107,124.4349,87.83999634,159.43
20130108,124.0769,87.77999878,160.56
20130109,124.3923,87.93000031,160.49
20130110,125.3811,87.52999878,161.98
20130111,125.3726,87.54000092,161.06
20130114,125.2873,87.87999725,161.54
20130115,125.3726,87.70999908,162.558
20130116,125.3556,87.91000366,162.65
20130117,126.1654,87.62999725,163.35
20130118,126.4467,87.69999695,163.09
20130122,127.1287,87.65000153,163.67
20130123,127.3333,87.81999969,163.21
20130124,127.3674,87.80000305,161.42
20130125,128.0835,87.54000092,160.65
20130128,127.93,87.09999847,160.29
20130129,128.4329,87.09999847,160.99
20130130,127.93,87.05000305,162.19
20130131,127.6146,86.84999847,161.2
20130201,128.9274,87.05000305,161.45
20130204,127.4782,86.58000183,162.0
20130205,128.7655,86.80000305,161.96
20130206,128.8592,87.0,162.39
20130207,128.6887,86.83999634,161.84
20130208,129.4048,86.91999817,161.57
20130211,129.3792,87.06999969,159.7
20130212,129.5923,86.87999725,159.89
20130213,129.7031,86.79000092,159.05
20130214,129.8225,86.68000031,158.348
20130215,129.6691,86.98999786,155.76
20130219,130.6409,86.95999908,155.33
20130220,129.0126,86.83999634,151.44
20130221,128.2284,86.95999908,152.62
20130222,129.4815,87.06999969,152.97
20130225,127.0179,87.08999634,154.34
20130226,127.8874,87.33000183,156.22
20130227,129.4986,87.66999817,154.57
20130228,129.2428,87.30000305,153.0
20130301,129.6691,87.38999939,152.44
20130304,130.3595,87.40000153,152.3
20130305,131.5274,87.40000153,152.38
20130306,131.7065,87.26000214,153.23
20130307,131.9452,87.19999695,152.69
20130308,132.5078,86.81999969,152.71
20130311,133.0107,86.77999878,152.99
20130312,132.7123,86.93000031,154.19
20130313,132.8999,86.94999695,153.66
20130314,133.6074,86.73000336,153.68
20130315,133.4311,86.83000183,154.001
20130318,132.6946,87.26999664,155.38
20130319,132.3864,87.25,156.08
20130320,133.3112,87.25,155.37
20130321,132.1724,87.30000305,156.246
20130322,133.2341,87.44999695,155.55
20130325,132.6775,87.34999847,155.24
20130326,133.7393,87.36000061,154.72
20130327,133.7393,87.62000275,155.36
20130328,134.1503,87.44999695,154.47
20130401,133.6194,87.37000275,154.67
20130402,134.2788,87.31999969,152.43
20130403,132.9173,87.37000275,150.73
20130404,133.4567,87.58000183,150.29
20130405,132.8573,87.75,152.81
20130408,133.7565,87.90000153,152.16
20130409,134.2188,87.91999817,153.34
20130410,135.8629,87.81999969,150.75
20130411,136.3081,87.86000061,151.05
20130412,135.9741,88.0,143.95
20130415,132.8231,88.23999786,131.31
20130416,134.7839,88.22000122,132.8
20130417,132.8146,88.26000214,132.87
20130418,131.984,88.41999817,134.3
20130419,133.1313,88.47000122,135.47
20130422,133.7222,88.48999786,137.9
20130423,135.1007,88.66999817,136.88
20130424,135.1864,88.61000061,138.3699
20130425,135.7344,88.69999695,141.63
20130426,135.4946,88.88999939,140.91
20130429,136.4023,88.98000336,142.3
20130430,136.7276,88.90000153,142.77
20130501,135.5289,88.91999817,141.11
20130502,136.7876,88.95999908,141.92
20130503,138.1747,88.79000092,142.09
20130506,138.5258,88.58000183,142.15
20130507,139.228,88.44999695,140.38
20130508,139.8615,88.43000031,142.46
20130509,139.4677,88.43000031,140.81
20130510,139.9215,88.23000336,139.6
20130513,140.0328,87.80999756,138.43
20130514,141.4799,87.90000153,137.81
20130515,142.2419,87.76000214,134.63
20130516,141.5741,87.97000122,134.09
20130517,142.9441,88.05000305,131.07
20130520,142.9355,88.0,135.12
20130521,143.1411,87.76999664,132.88
20130522,142.0793,88.06999969,131.94
20130523,141.6683,87.63999939,134.61
20130524,141.5484,87.55000305,133.76
20130528,142.3961,87.37000275,133.49
20130529,141.4713,86.73000336,134.83
20130530,141.9937,86.66999817,136.7
20130531,139.9558,86.5,133.92
20130603,140.7264,85.63999939,136.51
20130604,140.0499,85.73000336,135.23
20130605,138.0891,85.58999634,135.52
20130606,139.3393,85.69000244,136.53
20130607,141.1117,85.70999908,133.28
20130610,141.1117,85.33000183,133.94
20130611,139.6561,84.72000122,133.25
20130612,138.5001,85.01999664,134.25
20130613,140.6065,84.98999786,133.74
20130614,139.7245,85.55000305,134.43
20130617,140.8034,85.55000305,133.77
20130618,141.9166,85.06999969,132.13
20130619,139.9558,85.19999695,130.59
20130620,136.4879,83.51000214,123.6
20130621,136.926,83.19000244,125.05
20130624,135.1958,81.98999786,123.93
20130625,136.4956,82.65000153,123.47
20130626,137.8471,82.70999908,118.28
20130627,138.6562,83.16000366,115.94
20130628,138.0881,82.97000122,119.11
20130701,138.8973,83.20999908,121.13
20130702,138.7682,83.23000336,120.05
20130703,138.8284,83.44000244,120.74
20130705,140.3262,82.12000275,118.09
20130708,141.1267,82.26999664,119.51
20130709,142.1424,82.77999878,120.62
20130710,142.1941,82.76999664,120.95
20130711,144.1309,83.19999695,124.24
20130712,144.1911,83.66999817,124.13
20130715,144.7421,83.36000061,124.18
20130716,144.1997,83.58000183,124.89
20130717,144.5699,83.94000244,123.32
20130718,145.3618,84.0,124.01
20130719,145.62,83.87999725,125.11
20130722,145.9041,84.19999695,128.84
20130723,145.5943,84.12000275,129.71
20130724,145.0605,83.80000305,127.48
20130725,145.4134,83.51000214,128.67
20130726,145.5684,83.81999969,128.78
20130729,145.1208,83.98000336,128.47
20130730,145.1208,84.05999756,128.12
20130731,145.2241,83.23999786,127.96
20130801,146.9026,83.48000336,126.61
20130802,147.1523,83.40000153,126.36
20130805,146.9371,83.69999695,125.7
20130806,146.1021,83.59999847,123.97
20130807,145.6287,83.48999786,124.15
20130808,146.1623,83.80000305,126.86
20130809,145.7406,83.52999878,126.86
20130812,145.5684,83.79000092,129.13
20130813,145.9988,83.22000122,127.74
20130814,145.2499,83.05999756,129.0
20130815,143.2184,82.47000122,131.69
20130816,142.745,82.40000153,132.58
20130819,141.8326,82.05000305,132.01
20130820,142.5298,82.09999847,132.45
20130821,141.6518,82.12000275,132.07
20130822,142.943,81.73000336,132.81
20130823,143.425,81.77999878,134.9
20130826,142.8913,82.44000244,135.45
20130827,140.5931,82.38999939,136.75
20130828,141.0923,82.59999847,136.71
20130829,141.3161,82.26000214,135.87
20130830,140.8685,82.62000275,134.62
20130903,141.5055,82.38999939,136.42
20130904,142.6761,82.22000122,134.66
20130905,142.8569,81.69000244,132.2
20130906,142.9258,81.87000275,134.15
20130909,144.2944,82.05999756,133.91
20130910,145.3618,81.63999939,131.74
20130911,145.818,81.48000336,131.7
20130912,145.4307,81.87000275,127.67
20130913,145.7577,81.87000275,127.82
20130916,146.6013,82.40000153,126.45
20130917,147.2555,82.12999725,126.5
20130918,148.9599,82.16000366,132.01
20130919,148.7103,83.08999634,131.75
20130920,147.6706,82.88999939,127.96
20130923,146.9872,82.97000122,127.55
20130924,146.6412,83.19000244,127.66
20130925,146.2174,83.40000153,128.79
20130926,146.7796,83.47000122,127.79
20130927,146.1049,83.48999786,128.97
20130930,145.3265,83.25,128.18
20131001,146.4769,83.29000092,124.59
20131002,146.3385,83.5,127.06
20131003,144.9891,83.61000061,127.18
20131004,146.0877,83.5,126.53
20131007,144.8247,83.59999847,127.64
20131008,143.1381,83.48000336,127.4
20131009,143.2419,83.54000092,126.11
20131010,146.3298,83.37000275,124.27
20131011,147.2726,83.56999969,122.6
20131014,147.8609,83.5,122.83
20131015,146.7883,83.48000336,123.73
20131016,148.8383,83.30999756,123.54
20131017,149.833,84.05999756,127.42
20131018,150.8451,84.25,126.85
20131021,150.8537,84.08000183,126.98
20131022,151.7274,84.5,129.34
20131023,151.0008,84.69999695,128.69
20131024,151.5024,84.77999878,129.9
20131025,152.1945,84.56999969,130.46
20131028,152.4367,84.62000275,130.56
20131029,153.2497,84.66000366,129.77
20131030,152.4885,84.80999756,129.6
20131031,152.0561,84.58999634,127.74
20131101,152.4194,84.40000153,126.95
20131104,152.9557,84.22000122,126.81
20131105,152.4713,83.97000122,126.56
20131106,153.2497,84.05000305,127.2
20131107,151.3121,84.16000366,126.16
20131108,153.3536,83.56999969,124.279
20131111,153.3795,83.43000031,123.87
20131112,153.0681,83.37999725,122.45
20131113,154.2963,83.48000336,122.85
20131114,155.0662,83.65000153,124.27
20131115,155.7409,84.11000061,124.32
20131118,155.1959,84.09999847,122.9
20131119,154.8586,84.0,122.95
20131120,154.3742,83.93000031,120.12
20131121,155.6198,83.44999695,119.94
20131122,156.3983,83.69999695,119.92
20131125,156.2426,84.0,120.46
20131126,156.2859,84.05000305,119.82
20131127,156.6664,84.27999878,119.46
20131129,156.5626,83.84999847,120.7
20131202,156.1561,83.80000305,117.58
20131203,155.4814,83.70999908,117.96
20131204,155.4641,83.41000366,119.96
20131205,154.7807,83.52999878,118.3
20131206,156.5107,83.54000092,118.55
20131209,156.9086,83.66000366,119.72
20131210,156.3464,83.77999878,121.82
20131211,154.5905,84.0,120.86
20131212,154.0801,83.72000122,118.29
20131213,154.0629,83.52999878,119.38
20131216,155.0229,83.73999786,119.69
20131217,154.5299,83.80000305,118.65
20131218,157.1681,83.98000336,117.61
20131219,156.9865,83.55000305,114.82
20131220,157.8997,83.69999695,115.94
20131223,158.7432,83.80000305,115.57
20131224,159.0911,82.94999695,116.1
20131226,159.8999,82.76999664,116.74
20131227,159.8912,82.70999908,117.12
20131230,159.8652,82.76000214,115.39
20131231,160.6218,82.91000366,116.12
20140102,159.0824,82.76000214,118.0
20140103,159.0564,82.98000336,119.29
20140106,158.5954,83.08999634,119.5
20140107,159.5695,83.31999969,118.82
20140108,159.6042,83.08999634,118.12
20140109,159.7086,82.97000122,118.46
20140110,160.1434,83.37000275,120.26
20140113,158.0127,83.79000092,121.02
20140114,159.7347,83.80000305,119.89
20140115,160.5957,83.61000061,119.66
20140116,160.387,83.62999725,119.79
20140117,159.7086,83.83000183,120.93
20140121,160.1782,83.91999817,119.7
20140122,160.2826,83.83000183,119.19
20140123,158.9694,84.0,121.79
20140124,155.5776,84.13999939,122.29
20140127,154.8123,83.98000336,120.96
20140128,155.7341,83.80000305,120.95
20140129,154.2383,84.05000305,122.47
20140130,155.8733,84.11000061,119.77
20140131,154.9601,84.31999969,120.09
20140203,151.4727,84.26000214,121.32
20140204,152.5337,84.55000305,120.99
20140205,152.3424,84.54000092,121.29
20140206,154.3513,84.20999908,121.24
20140207,156.2646,84.37999725,122.17
20140210,156.5516,84.47000122,122.92
20140211,158.265,84.41999817,124.36
20140212,158.3432,84.26000214,124.43
20140213,159.1607,84.34999847,125.49
20140214,160.0391,84.58000183,127.15
20140218,160.2304,84.65000153,127.4
20140219,159.1694,84.81999969,126.27
20140220,160.1086,84.40000153,127.6
20140221,159.926,84.44999695,127.58
20140224,160.8131,84.62000275,128.99
20140225,160.7522,84.76000214,129.21
20140226,160.7609,84.84999847,128.11
20140227,161.6045,85.16999817,128.2
20140228,162.0132,85.16000366,127.62
20140303,160.874,85.19999695,130.29
20140304,163.1352,85.15000153,128.68
20140305,163.283,84.77999878,128.89
20140306,163.6569,84.55999756,130.17
20140307,163.7265,84.54000092,129.09
20140310,163.6396,84.33999634,129.13
20140311,162.8308,84.44000244,129.86
20140312,162.8743,84.56999969,131.76
20140313,161.0479,84.47000122,132.21
20140314,160.5957,85.02999878,133.1
20140317,162.048,84.88999939,131.64
20140318,163.2047,84.87000275,130.62
20140319,162.3351,85.08999634,128.09
20140320,163.283,84.43000031,127.86
20140321,162.6497,84.40000153,128.47
20140324,161.9771,84.44000244,126.18
20140325,162.7458,84.55000305,126.41
20140326,161.5753,84.66999817,125.41
20140327,161.2346,84.81999969,124.59
20140328,162.0295,84.83000183,124.56
20140331,163.3572,84.80999756,123.61
20140401,164.4404,84.66000366,123.39
20140402,164.9907,84.63999939,124.32
20140403,164.7724,84.44999695,123.92
20140404,162.8244,84.80000305,125.57
20140407,161.0249,85.01000214,124.91
20140408,161.6888,85.06999969,126.09
20140409,163.4271,85.08999634,126.32
20140410,159.9942,85.33000183,127.01
20140411,158.5528,85.58999634,126.93
20140414,159.802,85.55000305,127.85
20140415,160.9026,85.48999786,125.49
20140416,162.5885,85.48000336,125.54
20140417,162.8157,85.48999786,124.75
20140421,163.3834,85.23999786,124.24
20140422,164.1259,85.16999817,123.78
20140423,163.7416,85.38999939,123.76
20140424,164.0735,85.31999969,124.56
20140425,162.7283,85.44000244,125.43
20140428,163.2437,85.37000275,124.88
20140429,164.0036,85.30000305,124.86
20140430,164.4928,85.47000122,124.22
20140501,164.5103,85.45999908,123.8
20140502,164.2744,85.37999725,125.06
20140505,164.5889,85.93000031,126.22
20140506,163.1563,85.75,125.98
20140507,164.1172,85.69000244,124.17
20140508,163.9425,85.81999969,124.17
20140509,164.1871,85.90000153,124.1
20140512,165.7856,85.76999664,124.94
20140513,165.9341,85.80000305,124.6
20140514,165.148,86.0,125.81
20140515,163.6979,86.34999847,124.77
20140516,164.2657,86.37000275,124.5
20140519,164.8684,86.43000031,124.58
20140520,163.8289,86.27999878,124.69
20140521,165.2091,86.30999756,124.39
20140522,165.6109,86.20999908,124.67
20140523,166.2748,86.27999878,124.51
20140527,167.2968,86.31999969,121.85
20140528,167.1745,86.5,121.2
20140529,168.0393,86.83000183,120.94
20140530,168.3101,86.66999817,120.43
20140602,168.5022,86.30000305,119.7
20140603,168.4149,86.08999634,120.01
20140604,168.7556,85.95999908,119.76
20140605,169.8562,85.80999756,120.66
20140606,170.6686,86.08999634,120.61
20140609,170.8433,85.93000031,120.65
20140610,170.8608,85.88999939,121.39
20140611,170.2668,85.87999725,121.41
20140612,169.0613,85.81999969,122.64
20140613,169.5767,85.87000275,122.96
20140616,169.7165,85.91000366,122.42
20140617,170.1882,85.77999878,122.28
20140618,171.4373,85.76999664,122.67
20140619,171.6295,86.22000122,126.94
20140620,171.9779,85.91999817,126.5
20140623,171.9253,86.04000092,126.85
20140624,170.8895,86.18000031,126.98
20140625,171.662,86.34999847,126.99
20140626,171.5391,86.33000183,126.73
20140627,171.8726,86.47000122,126.66
20140630,171.7848,86.51000214,128.04
20140701,172.9346,86.25,127.7
20140702,173.1102,85.87999725,127.7
20140703,173.9615,85.45999908,127.16
20140707,173.3559,85.81999969,127.02
20140708,172.2412,86.12000275,127.07
20140709,173.0136,86.09999847,127.84
20140710,172.329,86.36000061,128.54
20140711,172.566,86.23999786,128.78
20140714,173.4349,86.29000092,125.72
20140715,173.1102,86.23000336,124.53
20140716,173.7509,86.25,124.97
20140717,171.776,86.5,127.0899
20140718,173.5314,86.59999847,126.13
20140721,173.2067,86.55000305,126.34
20140722,173.9615,86.51999664,125.74
20140723,174.3477,86.69000244,125.62
20140724,174.3565,86.48999786,124.35
20140725,173.5403,86.62999725,125.791
20140728,173.6104,86.52999878,125.58
20140729,172.8644,86.55000305,125.2
20140730,172.8907,86.34999847,124.83
20140731,169.4764,86.09999847,123.39
20140801,168.9586,85.93000031,124.38
20140804,170.1786,86.30000305,123.99
20140805,168.5285,86.29000092,123.87
20140806,168.5812,86.48000336,125.67
20140807,167.6684,86.44000244,126.18
20140808,169.6081,86.76000214,126.19
20140811,170.0996,86.48000336,125.96
20140812,169.8627,86.44999695,125.99
20140813,171.0124,86.44999695,126.2
20140814,171.8199,86.73000336,126.31
20140815,171.7848,86.77999878,125.483
20140818,173.2243,86.94000244,124.96
20140819,174.1283,86.94000244,124.68
20140820,174.5935,86.62000275,124.22
20140821,175.1026,86.56999969,122.88
20140822,174.8304,86.68000031,123.19
20140825,175.7169,86.70999908,122.74
20140826,175.8311,86.80999756,123.35
20140827,175.7609,86.97000122,123.3199
20140828,175.6643,87.15000153,124.0
20140829,176.1646,87.09999847,123.86
20140902,176.0768,86.80000305,121.65
20140903,175.9802,86.41000366,122.15
20140904,175.7257,86.48999786,121.48
20140905,176.5157,86.66999817,122.06
20140908,176.0593,86.51000214,120.73
20140909,174.9446,86.11000061,120.87
20140910,175.6028,85.87999725,120.26
20140911,175.8047,85.95999908,119.472
20140912,174.7778,85.59999847,118.38
20140915,174.6461,85.65000153,118.64
20140916,175.9627,85.52999878,118.83
20140917,176.1997,85.70999908,117.54
20140918,177.1388,85.36000061,117.78
20140919,176.9792,85.44000244,117.09
20140922,175.6124,85.73000336,116.85
20140923,174.6071,85.80999756,117.6
20140924,175.974,85.81999969,117.05
20140925,173.1345,85.76000214,117.39
20140926,174.5102,85.84999847,117.06
20140929,174.1927,85.87000275,117.03
20140930,173.7342,85.77999878,116.21
20141001,171.3797,85.77999878,116.77
20141002,171.4062,86.06999969,116.74
20141003,173.2933,85.81999969,114.61
20141006,173.0904,86.01999664,116.03
20141007,170.4186,86.40000153,116.36
20141008,173.3991,86.62999725,117.4701
20141009,169.96,86.66000366,117.64
20141010,168.0201,86.69000244,117.59
20141013,165.26,86.90000153,118.52
20141014,165.5157,87.05000305,118.59
20141015,164.3958,87.79000092,118.99
20141016,164.2547,87.66000366,119.22
20141017,166.1947,86.76999664,118.99
20141020,167.8084,86.91000366,119.8
20141021,171.1328,86.94999695,120.02
20141022,169.916,86.93000031,119.34
20141023,171.8912,87.18000031,118.52
20141024,173.2139,86.73000336,118.35
20141027,172.9758,86.77999878,118.06
20141028,174.9599,86.76999664,118.1
20141029,174.6954,86.55999756,116.41
20141030,175.8153,86.48000336,115.19
20141031,177.8258,86.45999908,112.66
20141103,177.9228,86.20999908,112.15
20141104,177.3055,86.06999969,112.22
20141105,178.4254,86.0,109.79
20141106,179.1397,85.98999786,109.88
20141107,179.3072,86.08000183,112.97
20141110,179.8716,86.22000122,110.46
20141111,180.0479,86.04000092,112.04
20141112,179.854,86.23999786,111.5
20141113,180.0567,86.02999878,111.67
20141114,180.1009,85.98000336,114.47
20141117,180.2155,86.22000122,114.05
20141118,181.256,85.98000336,115.05
20141119,180.965,85.75,113.68
20141120,181.2825,86.01000214,114.86
20141121,182.2525,86.02999878,115.39
20141124,182.7639,86.16000366,115.11
20141125,182.6316,86.34999847,115.38
20141126,183.099,86.70999908,115.16
20141128,182.711,86.83999634,112.11
20141201,181.4412,86.76000214,116.58
20141202,182.614,86.18000031,115.14
20141203,183.3194,86.08999634,116.33
20141204,183.1166,86.06999969,115.88
20141205,183.4164,85.97000122,114.43
20141208,182.1907,85.91000366,115.78
20141209,182.0673,86.30000305,118.19
20141210,179.1485,86.19999695,117.96
20141211,180.0567,86.25,117.69
20141212,177.1468,86.47000122,117.41
20141215,175.9299,86.51000214,114.39
20141216,174.519,86.41000366,114.95
20141217,177.9404,86.37999725,114.27
20141218,182.3407,86.11000061,115.15
20141219,183.1165,86.11000061,114.77
20141222,183.9588,86.43000031,112.55
20141223,184.2071,86.06999969,112.74
20141224,184.2248,85.59999847,112.77
20141226,184.8189,85.83999634,114.83
20141229,185.0672,86.01999664,113.67
20141230,184.0741,86.16999817,115.2
20141231,182.2476,86.23999786,113.58
20150102,182.15,86.22000122,114.08
20150105,178.8604,86.51000214,115.8
20150106,177.1758,86.98999786,117.12
20150107,179.3836,86.66999817,116.43
20150108,182.5667,86.73999786,115.94
20150109,181.1037,87.0,117.26
20150112,179.685,87.19000244,118.56
20150113,179.1796,87.18000031,118.16
20150114,178.0979,87.51000214,117.97
20150115,176.4664,87.51000214,120.94
20150116,178.7806,87.77999878,122.52
20150120,179.162,87.79000092,124.2
20150121,180.0663,87.77999878,124.23
20150122,182.7441,87.69999695,125.23
20150123,181.7421,87.69999695,124.23
20150126,182.1677,87.75,122.99
20150127,179.7648,88.02999878,124.4
20150128,177.4594,87.81999969,123.42
20150129,179.0998,88.11000061,120.76
20150130,176.8477,88.55000305,123.45
20150202,179.0378,88.36000061,122.42
20150203,181.6269,88.31999969,121.05
20150204,180.9352,88.0,121.58
20150205,182.7618,88.13999939,121.79
20150206,182.2564,87.76999664,118.64
20150209,181.4407,87.62000275,119.17
20150210,183.3736,87.38999939,118.47
20150211,183.48,87.31999969,117.07
20150212,185.2445,87.22000122,117.34
20150213,186.007,87.30999756,117.98
20150217,186.2997,87.05000305,116.01
20150218,186.3174,86.86000061,116.34
20150219,186.1844,87.19000244,115.94
20150220,187.3016,87.18000031,115.28
20150223,187.275,87.31999969,115.43
20150224,187.807,87.34999847,115.26
20150225,187.6474,87.75,115.7
20150226,187.4257,87.83999634,116.07
20150227,186.7874,87.47000122,116.16
20150302,187.9666,87.54000092,115.68
20150303,187.1952,86.94999695,115.47
20150304,186.406,87.04000092,115.11
20150305,186.61,87.0,115.0
20150306,183.9854,86.55000305,111.86
20150309,184.748,86.40000153,111.97
20150310,181.751,86.75,111.42
20150311,181.3254,86.58999634,110.75
20150312,183.6307,86.94000244,110.72
20150313,182.5047,86.55999756,110.88
20150316,184.943,86.76999664,110.81
20150317,184.3933,86.63999939,110.21
20150318,186.61,86.86000061,112.37
20150319,185.7588,87.37999725,112.29
20150320,187.3985,87.25,113.57
20150323,187.0333,87.55000305,114.29
20150324,185.9823,87.61000061,114.57
20150325,183.257,87.91000366,114.73
20150326,182.8206,87.43000031,115.48
20150327,183.2392,87.47000122,115.06
20150330,185.4747,87.62000275,113.75
20150331,183.8537,87.51000214,113.66
20150401,183.2036,87.73000336,115.6
20150402,183.8626,87.90000153,115.28
20150406,185.1006,88.23000336,116.69
20150407,184.6108,87.90000153,116.11
20150408,185.2342,88.08000183,115.47
20150409,186.0536,88.01999664,114.67
20150410,187.0689,87.87000275,115.966
20150413,186.2228,87.77999878,115.14
20150414,186.579,88.12000275,114.44
20150415,187.4162,88.20999908,115.43
20150416,187.3628,88.23999786,115.03
20150417,185.2075,88.18000031,115.6
20150420,186.8997,88.23000336,114.72
20150421,186.677,88.19999695,115.38
20150422,187.5944,88.04000092,113.83
20150423,188.0664,87.91000366,114.66
20150424,188.5029,88.06999969,113.05
20150427,187.7191,88.22000122,115.33
20150428,188.3158,87.83000183,116.33
20150429,187.541,87.44000244,115.51
20150430,185.6617,87.33000183,113.47
20150501,187.6746,87.12999725,113.08
20150504,188.209,86.94000244,114.1
20150505,186.0536,86.72000122,114.42
20150506,185.2876,86.55000305,114.36
20150507,186.0269,86.34999847,113.42
20150508,188.4761,86.98000336,113.97
20150511,187.5766,86.58999634,113.53
20150512,187.0154,85.98000336,114.5
20150513,187.0511,86.48000336,116.55
20150514,189.0016,86.26000214,117.18
20150515,189.2064,86.51999664,117.53
20150518,189.7943,86.73999786,117.52
20150519,189.7319,86.0,115.89
20150520,189.5983,86.09999847,116.08
20150521,190.1505,86.20999908,115.69
20150522,189.6963,86.30000305,115.6
20150526,187.6567,86.20999908,113.91
20150527,189.438,86.56999969,113.89
20150528,189.2243,86.58000183,114.02
20150529,188.0486,86.75,114.1
20150601,188.4316,86.41000366,114.0
20150602,188.2445,85.83999634,114.46
20150603,188.7433,85.51999664,113.64
20150604,187.149,85.23000336,112.84
20150605,186.8284,85.02999878,112.24
20150608,185.6796,85.20999908,112.57
20150609,185.6528,84.97000122,112.82
20150610,187.8794,84.69999695,113.78
20150611,188.485,84.73999786,113.26
20150612,187.0422,84.93000031,113.23
20150615,186.2406,85.25,113.73
20150616,187.256,85.26000214,113.32
20150617,187.5588,85.36000061,113.85
20150618,189.5092,85.34999847,115.32
20150619,188.668,85.47000122,115.12
20150622,189.6346,85.37999725,113.64
20150623,189.7688,84.84999847,112.89
20150624,188.3905,85.0,112.59
20150625,187.8177,84.84999847,112.44
20150626,187.7819,84.69000244,112.56
20150629,183.8441,84.76999664,113.07
20150630,184.2289,85.11000061,112.37
20150701,185.7056,84.76000214,111.98
20150702,185.5356,85.04000092,111.76
20150706,185.0076,85.33000183,112.06
20150707,186.171,85.72000122,110.76
20150708,183.0476,85.69999695,111.09
20150709,183.3787,85.44000244,111.36
20150710,185.6877,84.77999878,111.49
20150713,187.7372,84.43000031,110.99
20150714,188.5516,84.63999939,110.74
20150715,188.489,84.58999634,110.16
20150716,190.0015,84.70999908,109.76
20150717,190.1626,84.75,108.65
20150720,190.261,84.65000153,105.7
20150721,189.5093,84.72000122,105.37
20150722,189.1691,84.86000061,104.8
20150723,188.1041,84.69000244,104.33
20150724,186.1531,85.11000061,105.35
20150727,185.0702,85.11000061,104.86
20150728,187.3434,85.13999939,105.02
20150729,188.6322,85.08000183,105.17
20150730,188.6769,84.75,104.27
20150731,188.3905,85.19999695,104.93
20150803,187.7551,85.04000092,104.1
20150804,187.3882,85.11000061,104.31
20150805,188.0057,84.69000244,103.93
20150806,186.4664,84.76999664,104.39
20150807,186.1084,84.81999969,104.65
20150810,188.4532,84.73000336,105.72
20150811,186.7527,85.01000214,106.26
20150812,186.9765,85.09999847,107.75
20150813,186.7438,84.83000183,106.86
20150814,187.424,84.59999847,106.85
20150817,188.4711,84.76000214,107.13
20150818,187.9251,84.55000305,107.11
20150819,186.4395,84.38999939,108.55
20150820,182.5464,84.87000275,110.44
20150821,177.0513,84.91999817,111.13
20150824,169.5963,85.33000183,110.53
20150825,167.6004,84.73999786,109.16
20150826,174.0353,84.11000061,107.67
20150827,178.34,84.23000336,107.73
20150828,178.349,84.62999725,108.7
20150831,176.9082,84.52999878,108.82
20150901,171.6278,84.33000183,109.2
20150902,174.8855,84.41000366,108.62
20150903,175.0108,84.68000031,107.84
20150904,172.3617,84.83999634,107.49
20150908,176.6933,84.88999939,107.52
20150909,174.3306,84.52999878,106.13
20150910,175.2792,84.69999695,106.38
20150911,176.0758,84.79000092,106.16
20150914,175.4225,84.94999695,106.22
20150915,177.6151,84.75,105.9
20150916,179.1544,84.41999817,107.31
20150917,178.7517,84.31999969,108.41
20150918,175.8307,84.93000031,109.21
20150921,176.7393,84.87999725,108.53
20150922,174.4453,84.95999908,107.79
20150923,174.1664,85.04000092,108.22
20150924,173.5366,85.19000244,110.49
20150925,173.4917,84.83999634,109.81
20150928,169.1375,84.80999756,108.42
20150929,169.2365,85.11000061,107.98
20150930,172.3941,85.13999939,106.86
20151001,172.8439,85.09999847,106.73
20151002,175.4259,85.5,108.99
20151005,178.5475,85.12000275,108.77
20151006,177.9358,84.94999695,109.86
20151007,179.3932,85.13999939,109.7
20151008,181.0125,85.37999725,109.14
20151009,181.1204,85.23999786,110.87
20151012,181.2914,85.44000244,111.31
20151013,180.1488,85.5,111.86
20151014,179.2852,85.77999878,113.81
20151015,182.0381,85.97000122,113.29
20151016,182.8657,85.87999725,112.49
20151019,182.9556,85.84999847,112.02
20151020,182.7218,85.58000183,112.73
20151021,181.5883,85.93000031,111.73
20151022,184.6559,86.06999969,111.69
20151023,186.6801,86.0,111.5
20151026,186.2213,86.16999817,111.43
20151027,185.8614,86.26999664,111.68
20151028,187.9755,86.23999786,110.78
20151029,187.8676,85.66999817,109.72
20151030,187.0579,85.44999695,109.3
20151102,189.271,85.09999847,108.59
20151103,189.8198,85.09999847,106.98
20151104,189.244,85.11000061,105.97
20151105,189.0551,85.08999634,105.64
20151106,188.9561,84.65000153,104.1
20151109,187.1929,84.33000183,104.4
20151110,187.6247,84.36000061,104.18
20151111,186.887,84.72000122,103.83
20151112,184.2781,84.58999634,103.85
20151113,182.209,84.76999664,103.56
20151116,184.9798,84.80000305,103.71
20151117,184.8449,84.70999908,102.34
20151118,187.7776,84.80999756,102.43
20151119,187.6157,85.05999756,103.56
20151120,188.2994,85.12000275,103.09
20151123,188.0835,85.06999969,102.26
20151124,188.3354,85.20999908,102.94
20151125,188.3084,85.26000214,102.46
20151127,188.5243,85.30999756,101.25
20151130,187.7417,85.18000031,101.92
20151201,189.5319,84.91000366,102.28
20151202,187.5977,85.16000366,100.69
20151203,184.9708,84.83000183,101.76
20151204,188.5783,84.58999634,104.02
20151207,187.4358,84.75,102.67
20151208,186.1763,84.91000366,102.84
20151209,184.7279,84.79000092,102.64
20151210,185.2047,84.88999939,102.55
20151211,181.6152,84.83999634,103.11
20151214,182.5328,84.65000153,101.79
20151215,184.449,84.12999725,101.52
20151216,187.1479,84.05000305,102.75
20151217,184.2961,84.19000244,100.5
20151218,181.0128,84.30999756,102.04
20151221,182.506,84.45999908,103.15
20151222,184.1622,84.26999664,102.61
20151223,186.4427,83.95999908,102.31
20151224,186.135,83.91000366,103.05
20151228,185.7097,84.16000366,102.27
20151229,187.6915,84.16000366,102.2
20151230,186.3612,83.90000153,101.42
20151231,184.497,84.12000275,101.46
20160104,181.9178,84.08999634,102.89
20160105,182.2255,84.18000031,103.18
20160106,179.9269,84.40000153,104.67
20160107,175.6102,84.54000092,106.15
20160108,173.6826,84.48999786,105.68
20160111,173.8545,84.51999664,104.74
20160112,175.2572,84.38999939,104.21
20160113,170.8862,84.51999664,104.72
20160114,173.6916,84.66999817,103.02
20160115,169.9631,84.58000183,104.08
20160119,170.1893,84.26000214,103.98
20160120,168.0084,84.23999786,105.37
20160121,168.9496,84.37000275,105.49
20160122,172.4156,84.15000153,105.0
20160125,169.8093,84.01000214,106.08
20160126,172.126,83.91000366,107.29
20160127,170.2527,83.80000305,107.69
20160128,171.1396,83.94999695,106.54
20160129,175.3115,84.41999817,106.9492
20160201,175.2482,84.16999817,108.05
20160202,172.0898,84.30999756,108.09
20160203,173.1215,84.26999664,109.25
20160204,173.393,84.40000153,110.57
20160205,170.0898,84.27999878,112.32
20160208,167.8002,84.51000214,113.83
20160209,167.8093,84.73999786,113.58
20160210,167.6645,84.5,114.46
20160211,165.4835,84.61000061,119.0592
20160212,168.8952,84.27999878,118.36
20160216,171.7459,84.27999878,114.77
20160217,174.5513,84.0,115.48
20160218,173.8364,83.94000244,118.29
20160219,173.755,84.38999939,117.58
20160222,176.2708,84.5,115.49
20160223,174.0445,84.41999817,117.22
20160224,174.8409,84.76999664,117.61
20160225,176.9586,84.94999695,117.92
20160226,176.5513,85.0,117.11
20160229,175.1667,85.18000031,118.64
20160301,179.2844,85.0,117.77
20160302,180.0898,84.59999847,118.68
20160303,180.7957,84.77999878,120.73
20160304,181.3839,84.80999756,120.54
20160307,181.5287,84.83000183,121.14
20160308,179.5468,85.05000305,120.58
20160309,180.4337,85.08000183,119.58
20160310,180.5785,85.06999969,121.5
20160311,183.4925,85.27999878,119.41
20160314,183.2572,85.30999756,117.87
20160315,182.9585,85.45999908,117.96
20160316,184.0173,85.26999664,120.59
20160317,185.1848,86.01999664,120.13
20160318,185.9125,86.16999817,119.8
20160321,186.1763,86.29000092,118.96
20160322,186.0762,86.36000061,119.31
20160323,184.8482,86.19000244,116.61
20160324,184.7664,86.43000031,116.33
20160328,184.8755,86.34999847,116.6
20160329,186.5856,86.41000366,118.76
20160330,187.4043,86.58999634,117.1
20160331,186.9495,86.65000153,117.64
20160401,188.223,86.69000244,116.93
20160404,187.6135,86.80000305,116.15
20160405,185.7397,87.08999634,117.66
20160406,187.7682,87.08000183,116.94
20160407,185.5213,87.23000336,118.61
20160408,186.0216,87.33000183,118.43
20160411,185.585,87.12999725,120.03
20160412,187.3133,87.02999878,120.05
20160413,189.2054,86.87999725,118.77
20160414,189.2145,87.18000031,117.11
20160415,189.0052,87.12000275,117.92
20160418,190.3333,87.27999878,117.74
20160419,190.9337,87.38999939,119.58
20160420,191.1156,87.48999786,118.97
20160421,190.0878,87.37000275,119.42
20160422,190.0878,87.61000061,117.89
20160425,189.7603,87.59999847,118.23
20160426,190.0423,87.30000305,118.7
20160427,190.4334,87.37000275,119.04
20160428,188.7051,87.56999969,121.29
20160429,187.6863,87.68000031,123.65
20160502,189.1781,87.48999786,123.24
20160503,187.5316,87.73999786,122.96
20160504,186.4855,87.83999634,122.21
20160505,186.4492,87.76000214,122.07
20160506,187.1314,87.79000092,123.18
20160509,187.286,87.79000092,120.65
20160510,189.6147,87.73999786,120.98
20160511,187.8409,87.90000153,122.12
20160512,187.8955,87.76999664,121.16
20160513,186.2581,87.80999756,121.71
20160516,188.0957,87.81999969,121.8
20160517,186.3401,87.62999725,122.22
20160518,186.3946,87.48000336,120.1
20160519,185.7487,87.09999847,119.87
20160520,186.9222,86.98999786,119.71
20160523,186.6675,87.0,119.37
20160524,189.0871,87.05000305,117.3
20160525,190.3697,86.98000336,116.98
20160526,190.4243,87.11000061,116.58
20160527,191.243,87.27999878,115.62
20160531,190.8791,87.06999969,116.06
20160601,191.2703,87.16000366,115.94
20160602,191.8524,87.72000122,115.67
20160603,191.2794,87.91000366,118.88
20160606,192.2527,87.87999725,118.92
20160607,192.5529,87.93000031,118.82
20160608,193.1805,88.09999847,120.58
20160609,192.9167,88.27999878,121.25
20160610,191.0884,88.31999969,121.74
20160613,189.6147,88.33000183,122.64
20160614,189.2418,88.51999664,122.77
20160615,188.978,88.31999969,123.68
20160616,189.5419,88.66000366,122.38
20160617,188.8361,88.41999817,123.95
20160620,190.0522,88.25,123.21
20160621,190.5917,88.27999878,120.84
20160622,190.2808,88.12999725,120.9
20160623,192.7587,88.18000031,120.11
20160624,185.8369,89.05000305,126.01
20160627,182.5086,88.90000153,126.68
20160628,185.8004,89.12000275,125.32
20160629,188.9641,89.25,125.84
20160630,191.5426,89.19999695,126.47
20160701,191.9449,89.55999756,128.41
20160705,190.5642,89.58000183,129.47
20160706,191.7072,90.0,130.23
20160707,191.5883,89.79000092,129.74
20160708,194.4412,89.91999817,130.52
20160711,195.127,89.76999664,129.29
20160712,196.5442,89.73999786,127.15
20160713,196.5168,89.40000153,128.32
20160714,197.614,89.43000031,127.33
20160715,197.3489,89.33999634,126.84
20160718,197.8792,89.48000336,127.04
20160719,197.678,89.48999786,127.21
20160720,198.501,89.48000336,125.39
20160721,197.7512,89.26000214,127.3
20160722,198.6381,89.44999695,126.35
20160725,198.0986,89.58000183,125.47
20160726,198.1901,89.62999725,126.0
20160727,197.9798,89.75,128.03
20160728,198.2083,89.73000336,127.66
20160729,198.5284,89.98000336,128.98
20160801,198.3638,89.90000153,129.22
20160802,197.0929,89.36000061,130.27
20160803,197.6689,89.33000183,129.65
20160804,197.8792,89.51999664,129.87
20160805,199.4976,89.44999695,127.55
20160808,199.3788,89.09999847,127.44
20160809,199.4976,89.26999664,127.96
20160810,199.0039,89.66000366,128.56
20160811,199.9274,89.79000092,127.67
20160812,199.7536,89.87000275,127.4
20160815,200.3297,89.68000031,127.84
20160816,199.2965,89.59999847,128.47
20160817,199.6714,89.55000305,128.5
20160818,200.1194,89.83000183,129.11
20160819,199.8268,89.59999847,127.97
20160822,199.8177,89.73000336,127.78
20160823,200.22,89.98000336,127.76
20160824,199.1959,89.94999695,126.34
20160825,199.0587,89.73999786,126.23
20160826,198.6839,89.83000183,126.05
20160829,199.6622,89.69000244,126.3
20160830,199.3331,89.76000214,125.03
20160831,198.7662,89.77999878,124.78
20160901,198.7753,89.27999878,125.29
20160902,199.6714,89.5,126.57
20160906,200.2749,89.43000031,128.71
20160907,200.2566,89.86000061,128.27
20160908,199.7994,89.52999878,127.59
20160909,195.0172,89.19000244,126.75
20160912,197.8152,88.80000305,126.59
20160913,194.9715,88.87000275,125.75
20160914,194.8983,88.58000183,126.18
20160915,196.8459,88.73000336,125.37
20160916,196.085,88.81999969,125.06
20160919,196.1218,88.88999939,125.32
20160920,196.131,88.94000244,125.44
20160921,198.3366,88.86000061,127.27
20160922,199.5864,89.30000305,127.57
20160923,198.4928,89.37999725,127.65
20160926,196.8846,89.48999786,127.55
20160927,198.1068,89.68000031,126.62
20160928,199.0901,89.79000092,126.22
20160929,197.2889,89.68000031,126.07
20160930,198.7777,89.62000275,125.64
20161003,198.2998,89.40000153,125.32
20161004,197.2889,89.19999695,120.97
20161005,198.1619,89.0,120.78
20161006,198.2998,88.81999969,119.66
20161007,197.6198,88.91999817,119.74
20161010,198.649,88.88999939,120.16
20161011,196.1402,88.73000336,119.55
20161012,196.3975,88.72000122,119.74
20161013,195.7542,88.88999939,120.03
20161014,195.8553,88.87999725,119.36
20161017,195.1752,88.86000061,119.68
20161018,196.3975,88.88999939,120.42
20161019,196.9213,89.12000275,121.11
20161020,196.5537,89.26000214,120.74
20161021,196.6456,89.20999908,120.83
20161024,197.4819,89.27999878,120.56
20161025,196.8202,89.01999664,121.47
20161026,196.4251,88.90000153,120.79
20161027,195.9012,88.63999939,121.01
20161028,195.3223,88.5,121.58
20161031,195.3315,88.59999847,121.94
20161101,193.9162,88.15000153,122.73
20161102,192.7491,88.26000214,123.64
20161103,191.8669,88.30000305,124.3
20161104,191.6555,88.37999725,124.39
20161107,195.8828,88.40000153,122.15
20161108,196.7651,88.37000275,121.64
20161109,198.8512,87.87000275,121.56
20161110,199.3474,87.26000214,119.75
20161111,198.8879,87.20999908,117.1
20161114,199.0442,86.41000366,116.11
20161115,200.5973,86.38999939,117.12
20161116,200.2205,86.44999695,116.77
20161117,201.2498,86.5,116.17
20161118,200.7995,86.23999786,115.15
20161121,202.3158,85.80999756,115.58
20161122,202.711,85.91000366,115.54
20161123,202.8212,85.55999756,113.25
20161125,203.5748,85.69000244,112.61
20161128,202.6191,85.81999969,113.8
20161129,203.0143,85.69999695,113.27
20161130,202.5272,85.62999725,111.75
20161201,201.7828,85.16000366,111.54
20161202,201.8838,85.30999756,112.14
20161205,203.0969,85.36000061,111.54
20161206,203.7402,85.69999695,111.43
20161207,206.4053,85.87000275,111.83
20161208,206.9107,85.75,111.57
20161209,208.1605,85.69000244,110.4
20161212,207.9216,85.41000366,110.82
20161213,209.3093,85.58000183,110.45
20161214,207.5816,85.66999817,108.83
20161215,208.4362,84.83000183,107.34
20161216,208.0286,84.81999969,108.05
20161219,208.4816,84.98999786,108.59
20161220,209.2858,84.94000244,107.79
20161221,208.7034,85.12000275,107.85
20161222,208.3429,84.87000275,107.59
20161223,208.648,85.04000092,107.93
20161227,209.1656,84.91999817,108.56
20161228,207.437,85.02999878,108.86
20161229,207.3908,85.41999817,110.29
20161230,206.6328,85.48999786,109.61
20170103,208.2135,85.44999695,110.47
20170104,209.4522,85.66000366,110.86
20170105,209.2858,86.0,112.58
20170106,210.0346,85.91999817,111.75
20170109,209.3413,86.0,112.67
20170110,209.3413,86.04000092,113.15
20170111,209.9329,86.09999847,113.5
20170112,209.4059,86.34999847,113.91
20170113,209.8867,85.94999695,114.21
20170117,209.1471,86.30999756,115.85
20170118,209.6093,86.18000031,114.87
20170119,208.8329,85.76999664,114.77
20170120,209.6001,85.52999878,115.05
20170123,209.0547,85.86000061,115.79
20170124,210.3951,85.95999908,115.27
20170125,212.2162,85.70999908,114.32
20170126,211.9943,85.63999939,113.26
20170127,211.6615,85.86000061,113.49
20170130,210.3489,85.87999725,113.97
20170131,210.3304,85.87000275,115.55
20170201,210.4136,85.55999756,115.2
20170202,210.5522,85.84999847,115.84
20170203,212.0036,85.91999817,116.13
20170206,211.6245,86.11000061,117.7
20170207,211.6338,86.12999725,117.46
20170208,211.9111,86.43000031,118.19
20170209,213.1683,86.31999969,117.29
20170210,214.0095,85.94000244,117.6
20170213,215.1743,85.94999695,116.8
20170214,216.034,86.0,116.93
20170215,217.1617,85.62999725,117.45
20170216,216.9769,85.80000305,118.08
20170217,217.3189,86.19999695,117.68
20170221,218.6131,86.04000092,117.75
20170222,218.4189,86.30999756,117.91
20170223,218.5668,86.47000122,118.94
20170224,218.8442,86.75,119.7
20170227,219.1862,86.80999756,119.12
20170228,218.5946,86.75,119.23
20170301,221.6544,86.02999878,119.06
20170302,220.2585,85.88999939,117.58
20170303,220.3972,85.84999847,117.51
20170306,219.7409,85.94999695,116.72
20170307,219.0845,85.76999664,115.78
20170308,218.6778,85.30999756,115.06
20170309,218.9551,85.16999817,114.47
20170310,219.7224,85.19000244,114.72
20170313,219.8333,85.06999969,114.74
20170314,218.9921,85.0,114.12
20170315,220.8871,85.08999634,116.25
20170316,220.4526,85.61000061,116.73
20170317,220.0655,85.63999939,116.99
20170320,219.8241,85.75,117.5645
20170321,217.0016,85.94999695,118.54
20170322,217.5123,86.22000122,118.83
20170323,217.2802,86.23000336,118.67
20170324,217.1223,86.09999847,118.86
20170327,216.8995,86.38999939,119.53
20170328,218.4779,86.44999695,119.04
20170329,218.6821,86.37000275,119.33
20170330,219.3784,86.37999725,118.47
20170331,218.8678,86.36000061,118.72
20170403,218.4872,86.26000214,119.35
20170404,218.6264,86.44000244,119.62
20170405,217.9765,86.37999725,119.62
20170406,218.5893,86.55000305,119.18
20170407,218.3665,86.62000275,119.46
20170410,218.4964,86.37000275,119.46
20170411,218.2365,86.63999939,121.19
20170412,217.2802,86.80000305,122.02
20170413,215.869,87.08000183,122.6
20170417,217.7816,87.25,122.24
20170418,217.1316,87.26000214,122.82
20170419,216.7324,87.34999847,121.73
20170420,218.4964,87.19000244,121.96
20170421,217.8001,87.23999786,122.31
20170424,220.1955,86.98999786,121.48
20170425,221.4767,86.87999725,120.25
20170426,221.3374,86.83999634,120.84
20170427,221.5231,86.97000122,120.39
20170428,221.0403,87.01000214,120.77
20170501,221.5974,86.90000153,119.67
20170502,221.681,86.73999786,119.65
20170503,221.4117,86.98999786,117.98
20170504,221.6717,86.68000031,116.79
20170505,222.5444,86.66000366,117.01
20170508,222.5072,86.72000122,116.75
20170509,222.303,86.5,116.05
20170510,222.7022,86.70999908,116.04
20170511,222.2473,86.51000214,116.5
20170512,221.8759,86.94999695,116.83
20170515,223.1015,87.02999878,117.14
20170516,222.8972,87.08999634,117.65
20170517,218.9421,87.5,119.79
20170518,219.8241,87.59999847,118.81
20170519,221.2539,87.52999878,119.4
20170522,222.3773,87.55000305,119.9
20170523,222.8694,87.63999939,119.14
20170524,223.3893,87.37000275,119.61
20170525,224.4569,87.55000305,119.48
20170526,224.4105,87.55000305,120.54
20170530,224.2156,87.69000244,120.14
20170531,224.1599,87.73999786,120.62
20170601,225.9424,87.40000153,120.72
20170602,226.6945,87.77999878,121.61
20170605,226.5274,87.76000214,121.73
20170606,225.8032,87.97000122,123.1
20170607,226.221,87.90000153,122.45
20170608,226.3324,87.75,121.65
20170609,225.9889,87.54000092,120.54
20170612,225.9424,87.58000183,120.36
20170613,227.0473,87.62000275,120.48
20170614,226.7595,88.12999725,119.82
20170615,226.3231,87.91000366,119.32
20170616,226.3726,87.93000031,119.34
20170619,228.2571,87.91999817,118.43
20170620,226.7177,87.84999847,118.18
20170621,226.6617,87.91000366,118.52
20170622,226.5591,87.98999786,118.92
20170623,226.8297,87.98999786,119.43
20170626,226.979,88.16000366,118.36
20170627,225.1504,87.94000244,118.81
20170628,227.1656,87.83999634,118.9
20170629,225.169,87.51999664,118.32
20170630,225.5889,87.72000122,118.02
20170703,225.9714,87.40000153,116.09
20170705,226.4938,87.12999725,116.52
20170706,224.4227,87.12000275,116.47
20170707,225.8781,87.13999939,115.28
20170710,226.1206,87.16999817,115.47
20170711,225.9527,87.19999695,115.62
20170712,227.6507,87.59999847,116.03
20170713,228.0332,87.5,115.82
20170714,229.0968,87.80000305,116.77
20170717,229.0688,87.69999695,117.29
20170718,229.1901,87.84999847,118.11
20170719,230.4309,88.04000092,118.08
20170720,230.5335,88.08999634,118.24
20170721,230.3283,88.12999725,119.26
20170724,230.2723,88.22000122,119.31
20170725,230.8321,87.91999817,118.92
20170726,230.8414,87.84999847,119.88
20170727,230.6268,88.04000092,119.79
20170728,230.3563,87.97000122,120.69
20170731,230.2257,88.05000305,120.75
20170801,230.7388,87.83000183,120.65
20170802,230.8508,88.05000305,120.4
20170803,230.403,88.08000183,120.59
20170804,230.8228,87.95999908,119.65
20170807,231.2519,87.98000336,119.51
20170808,230.6828,87.94000244,119.86
20170809,230.6734,87.94999695,121.31
20170810,227.4175,87.81999969,122.21
20170811,227.7533,87.76000214,122.79
20170814,230.011,87.84999847,121.92
20170815,229.9831,87.63999939,120.98
20170816,230.3842,87.68000031,121.87
20170817,226.7924,87.87999725,122.49
20170818,226.4379,88.13999939,122.3
20170821,226.6151,88.12000275,122.76
20170822,228.9848,87.97000122,122.21
20170823,228.1638,88.09999847,122.67
20170824,227.6321,88.18000031,122.29
20170825,228.1638,88.16999817,122.74
20170828,228.1732,88.27999878,124.69
20170829,228.4344,88.56999969,124.42
20170830,229.5166,88.41999817,124.36
20170831,230.8974,88.5,125.82
20170901,231.224,88.29000092,126.06
20170905,229.5633,88.44999695,127.46
20170906,230.3469,88.56999969,126.81
20170907,230.3189,88.58000183,128.13
20170908,230.0484,88.63999939,127.97
20170911,232.5021,88.30999756,126.19
20170912,233.2858,88.15000153,126.56
20170913,233.3977,88.09999847,125.61
20170914,233.3231,87.97000122,126.16
20170915,233.6372,88.08999634,125.53
20170918,234.1341,87.98000336,124.36
20170919,234.3685,88.08000183,124.62
20170920,234.4529,88.08999634,123.62
20170921,233.8247,87.98999786,122.68
20170922,233.8716,88.01999664,123.24
20170925,233.3934,88.04000092,124.53
20170926,233.534,88.18000031,123.14
20170927,234.4435,87.91000366,121.98
20170928,234.7248,87.83999634,122.21
20170929,235.5499,88.12000275,121.58
20171002,236.5718,87.91999817,120.77
20171003,237.0781,87.80000305,120.83
20171004,237.3594,87.95999908,121.17
20171005,238.7658,87.95999908,120.52
20171006,238.4939,87.69999695,121.09
20171009,238.1001,87.81999969,122.08
20171010,238.7283,87.88999939,122.4
20171011,239.1033,88.01000214,122.79
20171012,238.747,87.98000336,122.89
20171013,239.0377,88.19000244,123.82
20171016,239.3565,88.13999939,122.97
20171017,239.5252,88.08999634,122.13
20171018,239.7596,87.98999786,121.67
20171019,239.8252,88.19000244,122.39
20171020,241.0629,87.90000153,121.61
20171023,240.1252,87.95999908,121.8
20171024,240.5472,87.80999756,121.33
20171025,239.3565,87.62999725,121.35
20171026,239.6658,87.76999664,120.33
20171027,241.6254,87.68000031,120.9
20171030,240.7254,88.0,121.13
20171031,241.1003,88.05999756,120.67
20171101,241.4191,87.66999817,121.11
20171102,241.5129,87.84999847,121.19
20171103,242.3192,87.87999725,120.62
20171106,242.6943,87.91000366,121.65
20171107,242.5255,87.84999847,121.21
20171108,242.938,87.87000275,121.63
20171109,242.0567,87.58999634,122.13
20171110,241.9816,87.34999847,121.13
20171113,242.2067,87.33999634,121.31
20171114,241.6442,87.20999908,121.56
20171115,240.4347,87.26999664,121.41
20171116,242.4786,87.37999725,121.4
20171117,241.766,87.5,122.86
20171120,242.1786,87.41999817,121.31
20171121,243.7631,87.48999786,121.51
20171122,243.5475,87.68000031,122.63
20171124,244.11,87.76000214,122.32
20171127,243.9881,87.80999756,122.83
20171128,246.4633,87.88999939,122.81
20171129,246.3133,87.66000366,122.04
20171130,248.4698,87.51999664,121.1
20171201,247.9541,87.19000244,121.59
20171204,247.6541,87.37999725,121.18
20171205,246.7634,87.37999725,120.32
20171206,246.8103,87.58000183,120.07
20171207,247.5885,87.52999878,118.49
20171208,248.9386,87.52999878,118.48
20171211,249.6886,87.43000031,118.01
20171212,250.1293,87.44999695,118.15
20171213,250.1012,87.45999908,119.17
20171214,249.0792,87.54000092,118.93
20171215,251.1534,87.61000061,119.18
20171218,252.746,87.58000183,119.73
20171219,251.7754,87.40000153,119.82
20171220,251.6434,87.09999847,120.14
20171221,252.1618,87.16000366,120.31
20171222,252.0958,87.19000244,120.94
20171226,251.7942,87.06999969,121.77
20171227,251.9167,87.13999939,122.23
20171228,252.435,87.37000275,122.85
20171229,251.4832,87.29000092,123.65
20180102,253.2831,87.41000366,125.15
20180103,254.8852,87.22000122,124.82
20180104,255.9595,87.15000153,125.46
20180105,257.6653,87.22000122,125.33
20180108,258.1364,87.26000214,125.31
20180109,258.7207,87.01999664,124.73
20180110,258.3249,86.86000061,125.03
20180111,260.2096,86.97000122,125.44
20180112,261.906,86.86000061,126.96
20180116,261.0107,86.98000336,127.17
20180117,263.4985,86.93000031,126.14
20180118,263.0557,86.58000183,125.86
20180119,264.2525,86.5,126.42
20180122,266.4011,86.44000244,126.65
20180123,266.9666,86.54000092,127.28
20180124,266.8628,86.44999695,128.83
20180125,266.9759,86.51999664,127.97
20180126,270.0669,86.69000244,128.07
20180129,268.2764,86.41999817,127.35
20180130,265.5247,86.40000153,126.8
20180131,265.6566,86.44000244,127.65
20180201,265.355,86.16999817,128.07
20180202,259.5783,85.63999939,126.39
20180205,248.722,85.62999725,126.71
20180206,253.6225,85.80999756,125.38
20180207,252.2466,85.70999908,124.79
20180208,242.7851,85.33999634,124.98
20180209,246.4321,85.19999695,124.77
20180212,250.0508,85.05000305,125.37
20180213,250.6728,84.95999908,126.08
20180214,254.0559,84.69000244,128.23
20180215,257.2977,84.72000122,128.38
20180216,257.3731,84.97000122,127.96
20180220,255.7616,84.84999847,126.24
20180221,254.4894,84.95999908,125.66
20180222,254.8192,84.79000092,126.3
20180223,258.8809,84.86000061,126.14
20180226,261.8871,85.09999847,126.45
20180227,258.617,85.12000275,125.13
20180228,255.9972,84.86000061,125.0
20180301,252.2748,84.62999725,124.72
20180302,253.5753,84.52999878,125.39
20180305,256.5061,84.65000153,125.18
20180306,257.1564,84.58999634,126.53
20180307,257.0621,84.58999634,125.72
20180308,258.3062,84.58999634,125.42
20180309,262.8012,84.48999786,125.54
20180312,262.4713,84.43000031,125.54
20180313,260.7751,84.43000031,125.78
20180314,259.4369,84.41000366,125.7
20180315,259.1542,84.55000305,124.9
20180316,259.4352,84.43000031,124.6
20180319,255.925,84.41000366,124.87
20180320,256.3602,84.25,124.31
20180321,255.8682,84.05999756,126.48
20180322,249.4722,84.30000305,125.98
20180323,244.1548,84.16999817,127.61
20180326,250.8347,84.22000122,128.28
20180327,246.5675,84.23999786,127.49
20180328,245.8389,84.66000366,125.73
20180329,248.9802,84.68000031,125.79
20180402,243.6061,84.58000183,127.26
20180403,246.7283,84.47000122,126.3
20180404,249.3682,84.41999817,126.45
20180405,251.3362,84.34999847,125.8
20180406,245.7349,84.55000305,126.39
20180409,246.946,84.51999664,126.82
20180410,250.8725,84.62999725,127.12
20180411,249.5574,84.62999725,128.11
20180412,251.6105,84.62000275,126.62
20180413,250.8725,84.43000031,127.45
20180416,252.9351,84.37000275,127.63
20180417,255.6411,84.48000336,127.75
20180418,255.8304,84.41000366,127.85
20180419,254.4111,84.02999878,127.6
20180420,252.2539,83.93000031,126.63
20180423,252.2161,83.75,125.62
20180424,248.8194,83.66999817,126.23
20180425,249.4344,83.47000122,125.41
20180426,251.97,83.56999969,124.97
20180427,252.2066,83.68000031,125.5
20180430,250.267,83.72000122,124.59
20180501,250.7117,83.44000244,123.71
20180502,249.0275,83.34999847,123.65
20180503,248.4787,83.48000336,124.28
20180504,251.6956,83.47000122,124.54
20180507,252.5472,83.41000366,124.57
20180508,252.5472,83.25,124.59
20180509,254.9883,83.18000031,124.33
20180510,257.3726,83.40000153,125.18
20180511,258.1579,83.48999786,125.0
20180514,258.2809,83.44999695,124.49
20180515,256.5021,83.12999725,122.48
20180516,257.5808,82.95999908,122.29
20180517,257.3631,82.90000153,122.36
20180518,256.7197,82.91999817,122.41
20180521,258.6498,83.04000092,122.48
20180522,257.9308,83.18000031,122.41
20180523,258.6404,83.26000214,122.54
20180524,258.1106,83.55000305,123.59
20180525,257.4956,83.69999695,123.21
20180529,254.5341,83.87000275,123.19
20180530,257.9308,84.09999847,123.37
20180531,256.3507,83.94000244,123.1
20180601,258.8676,83.44000244,122.49
20180604,260.0975,83.44000244,122.37
20180605,260.2868,83.48999786,122.85
20180606,262.4629,83.29000092,122.92
20180607,262.4345,83.19999695,122.86
20180608,263.2104,83.36000061,123.01
20180611,263.5605,83.23000336,123.23
20180612,263.9011,83.20999908,122.82
20180613,263.0589,83.27999878,123.19
20180614,263.7213,83.41000366,123.38
20180615,263.3848,83.54000092,121.34
20180618,262.8431,83.38999939,121.11
20180619,261.8357,83.48999786,120.8
20180620,262.2824,83.44999695,120.26
20180621,260.6382,83.23000336,120.05
20180622,261.1134,83.18000031,120.34
20180625,257.5588,83.30000305,119.89
20180626,258.1291,83.19999695,119.26
20180627,255.9907,83.56999969,118.58
20180628,257.4543,83.54000092,118.22
20180629,257.825,83.58999634,118.65
20180702,258.3762,83.30999756,117.46
20180703,257.4638,83.23999786,118.65
20180705,259.5642,83.52999878,119.05
20180706,261.7596,83.75,118.86
20180709,264.1167,83.61000061,119.15
20180710,265.067,83.62999725,118.93
20180711,263.1282,83.69999695,117.64
20180712,265.5137,83.79000092,118.13
20180713,265.7228,83.88999939,117.61
20180716,265.4852,83.84999847,117.55
20180717,266.5591,83.84999847,116.28
20180718,267.12,83.87999725,116.31
20180719,266.1125,83.76000214,115.81
20180720,265.8083,83.84999847,116.56
20180723,266.3025,83.72000122,116.0
20180724,267.6427,83.58999634,116.04
20180725,269.9236,83.73000336,116.68
20180726,269.2869,83.70999908,115.77
20180727,267.462,83.86000061,115.83
20180730,266.065,83.73999786,115.65
20180731,267.3765,83.91999817,115.99
20180801,266.9298,83.5,115.14
20180802,268.384,83.48999786,114.52
20180803,269.5339,83.72000122,114.92
20180806,270.5223,83.88999939,114.33
20180807,271.4158,83.73999786,114.59
20180808,271.3017,83.73999786,114.91
20180809,270.9311,83.80000305,114.74
20180810,269.1157,83.77999878,114.69
20180813,268.1084,83.93000031,112.96
20180814,269.8191,84.04000092,113.07
20180815,267.8042,84.12999725,111.19
20180816,269.9711,84.11000061,111.1
20180817,270.9215,84.23000336,112.13
20180820,271.5013,84.37999725,112.69
20180821,272.1381,84.36000061,113.02
20180822,271.9765,84.40000153,113.27
20180823,271.6154,84.34999847,112.2
20180824,273.25,84.20999908,114.16
20180827,275.4074,84.30000305,114.59
20180828,275.5405,84.26000214,113.68
20180829,277.0231,84.20999908,114.2
20180830,275.9017,84.19999695,113.64
20180831,275.9111,84.23999786,113.51
20180904,275.4359,83.79000092,112.93
20180905,274.6946,83.76000214,113.32
20180906,273.8678,83.86000061,113.54
20180907,273.3355,83.69999695,113.23
20180910,273.8107,83.66999817,113.15
20180911,274.7136,83.58999634,113.22
20180912,274.7802,83.69999695,114.17
20180913,276.4053,83.80000305,113.76
20180914,276.4528,83.65000153,113.02
20180917,274.9892,83.54000092,113.61
20180918,276.4814,83.51999664,113.44
20180919,276.776,83.41000366,113.88
20180920,279.019,83.30000305,114.27
20180921,278.764,83.37000275,113.49
20180924,277.838,83.27999878,113.47
20180925,277.5802,83.19000244,113.65
20180926,276.7496,83.30000305,113.05
20180927,277.5229,83.48999786,112.05
20180928,277.5516,83.61000061,112.76
20181001,278.5159,83.26999664,112.57
20181002,278.3535,83.33999634,113.87
20181003,278.5063,83.26000214,113.42
20181004,276.3295,82.80999756,113.48
20181005,274.7829,82.56999969,113.8
20181008,274.7829,82.55000305,112.54
20181009,274.3819,82.56999969,112.6
20181010,265.6942,82.44000244,112.88
20181011,259.8418,82.66000366,115.78
20181012,263.4506,82.73999786,115.23
20181015,261.9708,82.73000336,116.0
20181016,267.6989,82.69000244,115.8
20181017,267.7467,82.76999664,115.79
20181018,263.8802,82.47000122,115.92
20181019,263.737,82.58000183,116.01
20181022,262.5531,82.58999634,115.71
20181023,261.2166,82.66000366,116.39
20181024,253.3021,82.79000092,116.66
20181025,257.8465,82.69999695,116.4
20181026,253.3116,82.83999634,116.77
20181029,251.9082,82.80000305,116.31
20181030,255.6411,82.75,115.8
20181031,258.3716,82.5,115.15
20181101,261.1212,82.22000122,116.63
20181102,259.5745,82.31999969,116.65
20181105,261.0066,82.19999695,116.37
20181106,262.6582,82.25,116.04
20181107,268.2814,82.37000275,116.03
20181108,267.7944,82.30999756,115.78
20181109,265.1786,82.19000244,114.48
20181112,260.2237,82.31999969,113.66
20181113,259.7368,82.26999664,113.7
20181114,257.9611,82.15000153,114.64
20181115,260.6533,82.15000153,114.77
20181116,261.3311,82.26000214,115.62
20181119,256.9108,82.25,115.67
20181120,252.1564,82.09999847,115.67
20181121,253.0157,82.18000031,115.86
20181123,251.3258,82.33000183,115.77
20181126,255.3833,82.23000336,115.64
20181127,256.2426,82.12999725,114.95
20181128,262.1426,82.12000275,115.38
20181129,261.5698,82.33000183,115.74
20181130,263.1642,82.18000031,115.54
20181203,266.6488,81.97000122,116.41
20181204,258.0088,82.12999725,117.12
